forecast_date,route_name,forecast_occ,lower_bound,upper_bound,base_buses,recommended_buses,recommendation,extra_buses,est_extra_revenue_inr,est_extra_cost_inr,est_net_impact_inr,forecast_occ_pct
2025-01-01,AMDâ†’Bhuj,0.7815,0.7074,0.8647,5,5,Keep As-Is,0,0.0,0.0,0.0,78.15
2025-01-02,AMDâ†’Bhuj,0.751,0.6726,0.8282,5,5,Keep As-Is,0,0.0,0.0,0.0,75.1
2025-01-03,AMDâ†’Bhuj,0.8015,0.7247,0.8841,5,6,Add 1 Bus,1,19993.0,12196.0,7797.0,80.15
2025-01-04,AMDâ†’Bhuj,0.9235,0.8489,1.0,5,7,Add 2 Buses,2,46073.0,24391.0,21682.0,92.35
2025-01-05,AMDâ†’Bhuj,0.9108,0.8351,0.9906,5,6,Add 1 Bus,1,22720.0,12196.0,10524.0,91.08
2025-01-06,AMDâ†’Bhuj,0.578,0.4996,0.657,5,5,Keep As-Is,0,0.0,0.0,0.0,57.8
2025-01-07,AMDâ†’Bhuj,0.5753,0.4956,0.6542,5,5,Keep As-Is,0,0.0,0.0,0.0,57.53
2025-01-08,AMDâ†’Bhuj,0.7007,0.6181,0.7768,5,5,Keep As-Is,0,0.0,0.0,0.0,70.07
2025-01-09,AMDâ†’Bhuj,0.7265,0.6502,0.8094,5,5,Keep As-Is,0,0.0,0.0,0.0,72.65
2025-01-10,AMDâ†’Bhuj,0.8138,0.7309,0.8895,5,6,Add 1 Bus,1,20300.0,12196.0,8104.0,81.38
2025-01-11,AMDâ†’Bhuj,0.8921,0.811,0.9661,5,6,Add 1 Bus,1,22253.0,12196.0,10057.0,89.21
2025-01-12,AMDâ†’Bhuj,0.9025,0.8192,0.9816,5,6,Add 1 Bus,1,22513.0,12196.0,10317.0,90.25
2025-01-13,AMDâ†’Bhuj,0.5726,0.4856,0.6553,5,5,Keep As-Is,0,0.0,0.0,0.0,57.26
2025-01-14,AMDâ†’Bhuj,0.36,0.2794,0.4465,5,4,Remove 1 Bus,-1,-8980.0,12196.0,-21176.0,36.0
2025-01-15,AMDâ†’Bhuj,0.6015,0.5256,0.6803,5,5,Keep As-Is,0,0.0,0.0,0.0,60.15
2025-01-16,AMDâ†’Bhuj,0.6879,0.6129,0.7727,5,5,Keep As-Is,0,0.0,0.0,0.0,68.79
2025-01-17,AMDâ†’Bhuj,0.7748,0.6936,0.857,5,5,Keep As-Is,0,0.0,0.0,0.0,77.48
2025-01-18,AMDâ†’Bhuj,0.9079,0.8304,0.9867,5,6,Add 1 Bus,1,22648.0,12196.0,10452.0,90.79
2025-01-19,AMDâ†’Bhuj,0.8952,0.8211,0.973,5,6,Add 1 Bus,1,22331.0,12196.0,10135.0,89.52
2025-01-20,AMDâ†’Bhuj,0.5683,0.488,0.6426,5,5,Keep As-Is,0,0.0,0.0,0.0,56.83
2025-01-21,AMDâ†’Bhuj,0.5659,0.4879,0.6396,5,5,Keep As-Is,0,0.0,0.0,0.0,56.59
2025-01-22,AMDâ†’Bhuj,0.6593,0.5798,0.7417,5,5,Keep As-Is,0,0.0,0.0,0.0,65.93
2025-01-23,AMDâ†’Bhuj,0.7063,0.6185,0.7909,5,5,Keep As-Is,0,0.0,0.0,0.0,70.63
2025-01-24,AMDâ†’Bhuj,0.7601,0.6776,0.8376,5,5,Keep As-Is,0,0.0,0.0,0.0,76.01
2025-01-25,AMDâ†’Bhuj,0.8855,0.8059,0.9648,5,6,Add 1 Bus,1,22089.0,12196.0,9893.0,88.55
2025-01-26,AMDâ†’Bhuj,0.8885,0.8104,0.97,5,6,Add 1 Bus,1,22164.0,12196.0,9968.0,88.85
2025-01-27,AMDâ†’Bhuj,0.5645,0.4807,0.6435,5,5,Keep As-Is,0,0.0,0.0,0.0,56.45
2025-01-28,AMDâ†’Bhuj,0.5621,0.4794,0.6357,5,5,Keep As-Is,0,0.0,0.0,0.0,56.21
2025-01-29,AMDâ†’Bhuj,0.7101,0.6307,0.7914,5,5,Keep As-Is,0,0.0,0.0,0.0,71.01
2025-01-30,AMDâ†’Bhuj,0.6608,0.5816,0.7476,5,5,Keep As-Is,0,0.0,0.0,0.0,66.08
2025-01-31,AMDâ†’Bhuj,0.6758,0.5915,0.7587,5,5,Keep As-Is,0,0.0,0.0,0.0,67.58
2025-02-01,AMDâ†’Bhuj,0.7934,0.7137,0.8694,5,5,Keep As-Is,0,0.0,0.0,0.0,79.34
2025-02-02,AMDâ†’Bhuj,0.7855,0.7089,0.865,5,5,Keep As-Is,0,0.0,0.0,0.0,78.55
2025-02-03,AMDâ†’Bhuj,0.5789,0.509,0.6626,5,5,Keep As-Is,0,0.0,0.0,0.0,57.89
2025-02-04,AMDâ†’Bhuj,0.5695,0.4868,0.6442,5,5,Keep As-Is,0,0.0,0.0,0.0,56.95
2025-02-05,AMDâ†’Bhuj,0.5985,0.519,0.6767,5,5,Keep As-Is,0,0.0,0.0,0.0,59.85
2025-02-06,AMDâ†’Bhuj,0.6275,0.55,0.7066,5,5,Keep As-Is,0,0.0,0.0,0.0,62.75
2025-02-07,AMDâ†’Bhuj,0.6864,0.6052,0.775,5,5,Keep As-Is,0,0.0,0.0,0.0,68.64
2025-02-08,AMDâ†’Bhuj,0.8014,0.7188,0.8837,5,6,Add 1 Bus,1,19991.0,12196.0,7795.0,80.14
2025-02-09,AMDâ†’Bhuj,0.7918,0.7132,0.8743,5,5,Keep As-Is,0,0.0,0.0,0.0,79.18
2025-02-10,AMDâ†’Bhuj,0.5848,0.5024,0.6646,5,5,Keep As-Is,0,0.0,0.0,0.0,58.48
2025-02-11,AMDâ†’Bhuj,0.573,0.4949,0.656,5,5,Keep As-Is,0,0.0,0.0,0.0,57.3
2025-02-12,AMDâ†’Bhuj,0.599,0.5165,0.6824,5,5,Keep As-Is,0,0.0,0.0,0.0,59.9
2025-02-13,AMDâ†’Bhuj,0.6248,0.5461,0.6998,5,5,Keep As-Is,0,0.0,0.0,0.0,62.48
2025-02-14,AMDâ†’Bhuj,0.6803,0.5969,0.7649,5,5,Keep As-Is,0,0.0,0.0,0.0,68.03
2025-02-15,AMDâ†’Bhuj,0.791,0.7051,0.8731,5,5,Keep As-Is,0,0.0,0.0,0.0,79.1
2025-02-16,AMDâ†’Bhuj,0.7783,0.7026,0.8569,5,5,Keep As-Is,0,0.0,0.0,0.0,77.83
2025-02-17,AMDâ†’Bhuj,0.5699,0.4884,0.645,5,5,Keep As-Is,0,0.0,0.0,0.0,56.99
2025-02-18,AMDâ†’Bhuj,0.5551,0.4759,0.6269,5,5,Keep As-Is,0,0.0,0.0,0.0,55.51
2025-02-19,AMDâ†’Bhuj,0.5778,0.4936,0.6525,5,5,Keep As-Is,0,0.0,0.0,0.0,57.78
2025-02-20,AMDâ†’Bhuj,0.6004,0.5199,0.6786,5,5,Keep As-Is,0,0.0,0.0,0.0,60.04
2025-02-21,AMDâ†’Bhuj,0.6526,0.5659,0.7293,5,5,Keep As-Is,0,0.0,0.0,0.0,65.26
2025-02-22,AMDâ†’Bhuj,0.7599,0.6783,0.8386,5,5,Keep As-Is,0,0.0,0.0,0.0,75.99
2025-02-23,AMDâ†’Bhuj,0.7449,0.6668,0.8235,5,5,Keep As-Is,0,0.0,0.0,0.0,74.49
2025-02-24,AMDâ†’Bhuj,0.5364,0.4647,0.6163,5,5,Keep As-Is,0,0.0,0.0,0.0,53.64
2025-02-25,AMDâ†’Bhuj,0.5199,0.4447,0.6022,5,5,Keep As-Is,0,0.0,0.0,0.0,51.99
2025-02-26,AMDâ†’Bhuj,0.5411,0.4622,0.6182,5,5,Keep As-Is,0,0.0,0.0,0.0,54.11
2025-02-27,AMDâ†’Bhuj,0.5624,0.4791,0.6384,5,5,Keep As-Is,0,0.0,0.0,0.0,56.24
2025-02-28,AMDâ†’Bhuj,0.6132,0.5328,0.6915,5,5,Keep As-Is,0,0.0,0.0,0.0,61.32
2025-03-01,AMDâ†’Bhuj,0.719,0.6376,0.7969,5,5,Keep As-Is,0,0.0,0.0,0.0,71.9
2025-03-02,AMDâ†’Bhuj,0.704,0.6214,0.7826,5,5,Keep As-Is,0,0.0,0.0,0.0,70.4
2025-03-03,AMDâ†’Bhuj,0.4974,0.4191,0.5755,5,5,Keep As-Is,0,0.0,0.0,0.0,49.74
2025-03-04,AMDâ†’Bhuj,0.4815,0.4019,0.5593,5,5,Keep As-Is,0,0.0,0.0,0.0,48.15
2025-03-05,AMDâ†’Bhuj,0.503,0.4181,0.5775,5,5,Keep As-Is,0,0.0,0.0,0.0,50.3
2025-03-06,AMDâ†’Bhuj,0.5249,0.443,0.6019,5,5,Keep As-Is,0,0.0,0.0,0.0,52.49
2025-03-07,AMDâ†’Bhuj,0.5763,0.5015,0.659,5,5,Keep As-Is,0,0.0,0.0,0.0,57.63
2025-03-08,AMDâ†’Bhuj,0.6823,0.6016,0.7667,5,5,Keep As-Is,0,0.0,0.0,0.0,68.23
2025-03-09,AMDâ†’Bhuj,0.6687,0.5852,0.7428,5,5,Keep As-Is,0,0.0,0.0,0.0,66.87
2025-03-10,AMDâ†’Bhuj,0.4655,0.3881,0.5399,5,5,Keep As-Is,0,0.0,0.0,0.0,46.55
2025-03-11,AMDâ†’Bhuj,0.4512,0.3741,0.5331,5,5,Keep As-Is,0,0.0,0.0,0.0,45.12
2025-03-12,AMDâ†’Bhuj,0.4742,0.3897,0.5478,5,5,Keep As-Is,0,0.0,0.0,0.0,47.42
2025-03-13,AMDâ†’Bhuj,0.4975,0.4173,0.5744,5,5,Keep As-Is,0,0.0,0.0,0.0,49.75
2025-03-14,AMDâ†’Bhuj,0.5502,0.4747,0.6309,5,5,Keep As-Is,0,0.0,0.0,0.0,55.02
2025-03-15,AMDâ†’Bhuj,0.6569,0.5696,0.739,5,5,Keep As-Is,0,0.0,0.0,0.0,65.69
2025-03-16,AMDâ†’Bhuj,0.6451,0.5595,0.718,5,5,Keep As-Is,0,0.0,0.0,0.0,64.51
2025-03-17,AMDâ†’Bhuj,0.4454,0.3681,0.5253,5,4,Remove 1 Bus,-1,-11111.0,12196.0,-23307.0,44.54
2025-03-18,AMDâ†’Bhuj,0.4328,0.3513,0.5088,5,4,Remove 1 Bus,-1,-10796.0,12196.0,-22992.0,43.28
2025-03-19,AMDâ†’Bhuj,0.457,0.3795,0.5381,5,5,Keep As-Is,0,0.0,0.0,0.0,45.7
2025-03-20,AMDâ†’Bhuj,0.4816,0.405,0.5648,5,5,Keep As-Is,0,0.0,0.0,0.0,48.16
2025-03-21,AMDâ†’Bhuj,0.5351,0.4569,0.6095,5,5,Keep As-Is,0,0.0,0.0,0.0,53.51
2025-03-22,AMDâ†’Bhuj,0.6421,0.5601,0.7141,5,5,Keep As-Is,0,0.0,0.0,0.0,64.21
2025-03-23,AMDâ†’Bhuj,0.6316,0.5499,0.7105,5,5,Keep As-Is,0,0.0,0.0,0.0,63.16
2025-03-24,AMDâ†’Bhuj,0.4348,0.3538,0.5173,5,4,Remove 1 Bus,-1,-10846.0,12196.0,-23042.0,43.48
2025-03-25,AMDâ†’Bhuj,0.4233,0.3368,0.5018,5,4,Remove 1 Bus,-1,-10559.0,12196.0,-22755.0,42.33
2025-03-26,AMDâ†’Bhuj,0.4482,0.368,0.5277,5,4,Remove 1 Bus,-1,-11180.0,12196.0,-23376.0,44.82
2025-03-27,AMDâ†’Bhuj,0.4733,0.394,0.55,5,5,Keep As-Is,0,0.0,0.0,0.0,47.33
2025-03-28,AMDâ†’Bhuj,0.5269,0.4451,0.6068,5,5,Keep As-Is,0,0.0,0.0,0.0,52.69
2025-03-29,AMDâ†’Bhuj,0.6335,0.5589,0.7157,5,5,Keep As-Is,0,0.0,0.0,0.0,63.35
2025-03-30,AMDâ†’Bhuj,0.6235,0.5391,0.6999,5,5,Keep As-Is,0,0.0,0.0,0.0,62.35
2025-03-31,AMDâ†’Bhuj,0.4289,0.3511,0.5062,5,4,Remove 1 Bus,-1,-10699.0,12196.0,-22895.0,42.89
2025-01-01,AMDâ†’Dwarka,0.9642,0.8937,1.0,3,5,Add 2 Buses,2,52142.0,29974.0,22168.0,96.42
2025-01-02,AMDâ†’Dwarka,0.6211,0.5497,0.6944,3,3,Keep As-Is,0,0.0,0.0,0.0,62.11
2025-01-03,AMDâ†’Dwarka,0.7203,0.6524,0.792,3,3,Keep As-Is,0,0.0,0.0,0.0,72.03
2025-01-04,AMDâ†’Dwarka,0.8069,0.7434,0.8727,3,4,Add 1 Bus,1,21818.0,14987.0,6831.0,80.69
2025-01-05,AMDâ†’Dwarka,0.8461,0.781,0.9109,3,4,Add 1 Bus,1,22878.0,14987.0,7891.0,84.61
2025-01-06,AMDâ†’Dwarka,0.5786,0.5143,0.6475,3,3,Keep As-Is,0,0.0,0.0,0.0,57.86
2025-01-07,AMDâ†’Dwarka,0.6011,0.5313,0.6669,3,3,Keep As-Is,0,0.0,0.0,0.0,60.11
2025-01-08,AMDâ†’Dwarka,0.6293,0.5621,0.7026,3,3,Keep As-Is,0,0.0,0.0,0.0,62.93
2025-01-09,AMDâ†’Dwarka,0.6374,0.5669,0.706,3,3,Keep As-Is,0,0.0,0.0,0.0,63.74
2025-01-10,AMDâ†’Dwarka,0.682,0.612,0.7503,3,3,Keep As-Is,0,0.0,0.0,0.0,68.2
2025-01-11,AMDâ†’Dwarka,0.8386,0.7684,0.9068,3,4,Add 1 Bus,1,22675.0,14987.0,7688.0,83.86
2025-01-12,AMDâ†’Dwarka,0.9204,0.8517,0.9906,3,5,Add 2 Buses,2,49774.0,29974.0,19800.0,92.04
2025-01-13,AMDâ†’Dwarka,0.5884,0.5157,0.6527,3,3,Keep As-Is,0,0.0,0.0,0.0,58.84
2025-01-14,AMDâ†’Dwarka,0.57,0.4954,0.6391,3,3,Keep As-Is,0,0.0,0.0,0.0,57.0
2025-01-15,AMDâ†’Dwarka,0.847,0.7767,0.9125,3,4,Add 1 Bus,1,22902.0,14987.0,7915.0,84.7
2025-01-16,AMDâ†’Dwarka,0.6253,0.5524,0.6976,3,3,Keep As-Is,0,0.0,0.0,0.0,62.53
2025-01-17,AMDâ†’Dwarka,0.7145,0.6497,0.7805,3,3,Keep As-Is,0,0.0,0.0,0.0,71.45
2025-01-18,AMDâ†’Dwarka,0.8275,0.7618,0.896,3,4,Add 1 Bus,1,22375.0,14987.0,7388.0,82.75
2025-01-19,AMDâ†’Dwarka,0.8624,0.7949,0.9349,3,4,Add 1 Bus,1,23318.0,14987.0,8331.0,86.24
2025-01-20,AMDâ†’Dwarka,0.6222,0.5574,0.6907,3,3,Keep As-Is,0,0.0,0.0,0.0,62.22
2025-01-21,AMDâ†’Dwarka,0.5874,0.5241,0.656,3,3,Keep As-Is,0,0.0,0.0,0.0,58.74
2025-01-22,AMDâ†’Dwarka,0.5231,0.4584,0.5885,3,3,Keep As-Is,0,0.0,0.0,0.0,52.31
2025-01-23,AMDâ†’Dwarka,0.6269,0.5627,0.6971,3,3,Keep As-Is,0,0.0,0.0,0.0,62.69
2025-01-24,AMDâ†’Dwarka,0.7096,0.6402,0.78,3,3,Keep As-Is,0,0.0,0.0,0.0,70.96
2025-01-25,AMDâ†’Dwarka,0.8521,0.7795,0.9178,3,4,Add 1 Bus,1,23040.0,14987.0,8053.0,85.21
2025-01-26,AMDâ†’Dwarka,0.8506,0.7814,0.9171,3,4,Add 1 Bus,1,22999.0,14987.0,8012.0,85.06
2025-01-27,AMDâ†’Dwarka,0.5989,0.5298,0.6666,3,3,Keep As-Is,0,0.0,0.0,0.0,59.89
2025-01-28,AMDâ†’Dwarka,0.5813,0.5153,0.6498,3,3,Keep As-Is,0,0.0,0.0,0.0,58.13
2025-01-29,AMDâ†’Dwarka,0.5716,0.5026,0.6387,3,3,Keep As-Is,0,0.0,0.0,0.0,57.16
2025-01-30,AMDâ†’Dwarka,0.6117,0.545,0.6754,3,3,Keep As-Is,0,0.0,0.0,0.0,61.17
2025-01-31,AMDâ†’Dwarka,0.6908,0.6225,0.7579,3,3,Keep As-Is,0,0.0,0.0,0.0,69.08
2025-02-01,AMDâ†’Dwarka,0.8417,0.7693,0.9083,3,4,Add 1 Bus,1,22759.0,14987.0,7772.0,84.17
2025-02-02,AMDâ†’Dwarka,0.8272,0.7614,0.8962,3,4,Add 1 Bus,1,22367.0,14987.0,7380.0,82.72
2025-02-03,AMDâ†’Dwarka,0.5528,0.4888,0.6201,3,3,Keep As-Is,0,0.0,0.0,0.0,55.28
2025-02-04,AMDâ†’Dwarka,0.5404,0.4703,0.6112,3,3,Keep As-Is,0,0.0,0.0,0.0,54.04
2025-02-05,AMDâ†’Dwarka,0.57,0.5039,0.6352,3,3,Keep As-Is,0,0.0,0.0,0.0,57.0
2025-02-06,AMDâ†’Dwarka,0.6062,0.5388,0.674,3,3,Keep As-Is,0,0.0,0.0,0.0,60.62
2025-02-07,AMDâ†’Dwarka,0.6856,0.6132,0.75,3,3,Keep As-Is,0,0.0,0.0,0.0,68.56
2025-02-08,AMDâ†’Dwarka,0.8359,0.7668,0.9047,3,4,Add 1 Bus,1,22602.0,14987.0,7615.0,83.59
2025-02-09,AMDâ†’Dwarka,0.8209,0.7501,0.8908,3,4,Add 1 Bus,1,22196.0,14987.0,7209.0,82.09
2025-02-10,AMDâ†’Dwarka,0.5462,0.4801,0.6171,3,3,Keep As-Is,0,0.0,0.0,0.0,54.62
2025-02-11,AMDâ†’Dwarka,0.5337,0.4671,0.6036,3,3,Keep As-Is,0,0.0,0.0,0.0,53.37
2025-02-12,AMDâ†’Dwarka,0.5631,0.4921,0.6357,3,3,Keep As-Is,0,0.0,0.0,0.0,56.31
2025-02-13,AMDâ†’Dwarka,0.5995,0.5271,0.6659,3,3,Keep As-Is,0,0.0,0.0,0.0,59.95
2025-02-14,AMDâ†’Dwarka,0.6792,0.6113,0.7469,3,3,Keep As-Is,0,0.0,0.0,0.0,67.92
2025-02-15,AMDâ†’Dwarka,0.83,0.7553,0.8944,3,4,Add 1 Bus,1,22442.0,14987.0,7455.0,83.0
2025-02-16,AMDâ†’Dwarka,0.8157,0.75,0.8812,3,4,Add 1 Bus,1,22056.0,14987.0,7069.0,81.57
2025-02-17,AMDâ†’Dwarka,0.5419,0.4738,0.6159,3,3,Keep As-Is,0,0.0,0.0,0.0,54.19
2025-02-18,AMDâ†’Dwarka,0.5303,0.4606,0.5984,3,3,Keep As-Is,0,0.0,0.0,0.0,53.03
2025-02-19,AMDâ†’Dwarka,0.5609,0.4959,0.629,3,3,Keep As-Is,0,0.0,0.0,0.0,56.09
2025-02-20,AMDâ†’Dwarka,0.5985,0.5345,0.6663,3,3,Keep As-Is,0,0.0,0.0,0.0,59.85
2025-02-21,AMDâ†’Dwarka,0.6796,0.6087,0.7465,3,3,Keep As-Is,0,0.0,0.0,0.0,67.96
2025-02-22,AMDâ†’Dwarka,0.8318,0.7667,0.8998,3,4,Add 1 Bus,1,22491.0,14987.0,7504.0,83.18
2025-02-23,AMDâ†’Dwarka,0.8189,0.7489,0.8847,3,4,Add 1 Bus,1,22142.0,14987.0,7155.0,81.89
2025-02-24,AMDâ†’Dwarka,0.5466,0.4799,0.6143,3,3,Keep As-Is,0,0.0,0.0,0.0,54.66
2025-02-25,AMDâ†’Dwarka,0.5364,0.4663,0.6031,3,3,Keep As-Is,0,0.0,0.0,0.0,53.64
2025-02-26,AMDâ†’Dwarka,0.5683,0.4994,0.632,3,3,Keep As-Is,0,0.0,0.0,0.0,56.83
2025-02-27,AMDâ†’Dwarka,0.6071,0.5414,0.6762,3,3,Keep As-Is,0,0.0,0.0,0.0,60.71
2025-02-28,AMDâ†’Dwarka,0.6892,0.6192,0.7584,3,3,Keep As-Is,0,0.0,0.0,0.0,68.92
2025-03-01,AMDâ†’Dwarka,0.8422,0.7795,0.9083,3,4,Add 1 Bus,1,22772.0,14987.0,7785.0,84.22
2025-03-02,AMDâ†’Dwarka,0.83,0.7605,0.8977,3,4,Add 1 Bus,1,22442.0,14987.0,7455.0,83.0
2025-03-03,AMDâ†’Dwarka,0.5582,0.4857,0.6284,3,3,Keep As-Is,0,0.0,0.0,0.0,55.82
2025-03-04,AMDâ†’Dwarka,0.5482,0.4811,0.6152,3,3,Keep As-Is,0,0.0,0.0,0.0,54.82
2025-03-05,AMDâ†’Dwarka,0.5801,0.5136,0.6551,3,3,Keep As-Is,0,0.0,0.0,0.0,58.01
2025-03-06,AMDâ†’Dwarka,0.6186,0.5512,0.6846,3,3,Keep As-Is,0,0.0,0.0,0.0,61.86
2025-03-07,AMDâ†’Dwarka,0.7003,0.6287,0.7706,3,3,Keep As-Is,0,0.0,0.0,0.0,70.03
2025-03-08,AMDâ†’Dwarka,0.8526,0.7836,0.9183,3,4,Add 1 Bus,1,23054.0,14987.0,8067.0,85.26
2025-03-09,AMDâ†’Dwarka,0.8395,0.7713,0.9101,3,4,Add 1 Bus,1,22699.0,14987.0,7712.0,83.95
2025-03-10,AMDâ†’Dwarka,0.5666,0.497,0.6367,3,3,Keep As-Is,0,0.0,0.0,0.0,56.66
2025-03-11,AMDâ†’Dwarka,0.5554,0.4877,0.6269,3,3,Keep As-Is,0,0.0,0.0,0.0,55.54
2025-03-12,AMDâ†’Dwarka,0.586,0.5189,0.6519,3,3,Keep As-Is,0,0.0,0.0,0.0,58.6
2025-03-13,AMDâ†’Dwarka,0.6231,0.5595,0.6913,3,3,Keep As-Is,0,0.0,0.0,0.0,62.31
2025-03-14,AMDâ†’Dwarka,0.7032,0.6343,0.7688,3,3,Keep As-Is,0,0.0,0.0,0.0,70.32
2025-03-15,AMDâ†’Dwarka,0.854,0.7846,0.9241,3,4,Add 1 Bus,1,23091.0,14987.0,8104.0,85.4
2025-03-16,AMDâ†’Dwarka,0.8395,0.7727,0.9108,3,4,Add 1 Bus,1,22699.0,14987.0,7712.0,83.95
2025-03-17,AMDâ†’Dwarka,0.5652,0.4972,0.6413,3,3,Keep As-Is,0,0.0,0.0,0.0,56.52
2025-03-18,AMDâ†’Dwarka,0.5527,0.4813,0.6171,3,3,Keep As-Is,0,0.0,0.0,0.0,55.27
2025-03-19,AMDâ†’Dwarka,0.582,0.5118,0.6491,3,3,Keep As-Is,0,0.0,0.0,0.0,58.2
2025-03-20,AMDâ†’Dwarka,0.618,0.551,0.6836,3,3,Keep As-Is,0,0.0,0.0,0.0,61.8
2025-03-21,AMDâ†’Dwarka,0.6972,0.6241,0.7616,3,3,Keep As-Is,0,0.0,0.0,0.0,69.72
2025-03-22,AMDâ†’Dwarka,0.8472,0.7766,0.9123,3,4,Add 1 Bus,1,22907.0,14987.0,7920.0,84.72
2025-03-23,AMDâ†’Dwarka,0.8321,0.7676,0.896,3,4,Add 1 Bus,1,22499.0,14987.0,7512.0,83.21
2025-03-24,AMDâ†’Dwarka,0.5574,0.4881,0.623,3,3,Keep As-Is,0,0.0,0.0,0.0,55.74
2025-03-25,AMDâ†’Dwarka,0.5446,0.4747,0.6099,3,3,Keep As-Is,0,0.0,0.0,0.0,54.46
2025-03-26,AMDâ†’Dwarka,0.5739,0.5038,0.6456,3,3,Keep As-Is,0,0.0,0.0,0.0,57.39
2025-03-27,AMDâ†’Dwarka,0.61,0.5397,0.6758,3,3,Keep As-Is,0,0.0,0.0,0.0,61.0
2025-03-28,AMDâ†’Dwarka,0.6894,0.625,0.7535,3,3,Keep As-Is,0,0.0,0.0,0.0,68.94
2025-03-29,AMDâ†’Dwarka,0.8398,0.7716,0.909,3,4,Add 1 Bus,1,22707.0,14987.0,7720.0,83.98
2025-03-30,AMDâ†’Dwarka,0.8251,0.758,0.8873,3,4,Add 1 Bus,1,22310.0,14987.0,7323.0,82.51
2025-03-31,AMDâ†’Dwarka,0.551,0.4822,0.6171,3,3,Keep As-Is,0,0.0,0.0,0.0,55.1
2025-01-01,AMDâ†’Gandhidham,0.6587,0.5847,0.7269,3,3,Keep As-Is,0,0.0,0.0,0.0,65.87
2025-01-02,AMDâ†’Gandhidham,0.586,0.5146,0.6598,3,3,Keep As-Is,0,0.0,0.0,0.0,58.6
2025-01-03,AMDâ†’Gandhidham,0.6583,0.5877,0.7289,3,3,Keep As-Is,0,0.0,0.0,0.0,65.83
2025-01-04,AMDâ†’Gandhidham,0.7746,0.7057,0.8427,3,3,Keep As-Is,0,0.0,0.0,0.0,77.46
2025-01-05,AMDâ†’Gandhidham,0.8109,0.7409,0.8765,3,4,Add 1 Bus,1,17878.0,12179.0,5699.0,81.09
2025-01-06,AMDâ†’Gandhidham,0.5378,0.4675,0.606,3,3,Keep As-Is,0,0.0,0.0,0.0,53.78
2025-01-07,AMDâ†’Gandhidham,0.5335,0.4618,0.6032,3,3,Keep As-Is,0,0.0,0.0,0.0,53.35
2025-01-08,AMDâ†’Gandhidham,0.5387,0.4649,0.6088,3,3,Keep As-Is,0,0.0,0.0,0.0,53.87
2025-01-09,AMDâ†’Gandhidham,0.5578,0.4877,0.6324,3,3,Keep As-Is,0,0.0,0.0,0.0,55.78
2025-01-10,AMDâ†’Gandhidham,0.6299,0.5564,0.7013,3,3,Keep As-Is,0,0.0,0.0,0.0,62.99
2025-01-11,AMDâ†’Gandhidham,0.7438,0.67,0.8148,3,3,Keep As-Is,0,0.0,0.0,0.0,74.38
2025-01-12,AMDâ†’Gandhidham,0.7614,0.6891,0.8345,3,3,Keep As-Is,0,0.0,0.0,0.0,76.14
2025-01-13,AMDâ†’Gandhidham,0.5283,0.4551,0.6035,3,3,Keep As-Is,0,0.0,0.0,0.0,52.83
2025-01-14,AMDâ†’Gandhidham,0.2563,0.1846,0.3265,3,2,Remove 1 Bus,-1,-5651.0,12179.0,-17830.0,25.63
2025-01-15,AMDâ†’Gandhidham,0.4146,0.3431,0.4835,3,2,Remove 1 Bus,-1,-9141.0,12179.0,-21320.0,41.46
2025-01-16,AMDâ†’Gandhidham,0.5514,0.4795,0.62,3,3,Keep As-Is,0,0.0,0.0,0.0,55.14
2025-01-17,AMDâ†’Gandhidham,0.6459,0.5759,0.7122,3,3,Keep As-Is,0,0.0,0.0,0.0,64.59
2025-01-18,AMDâ†’Gandhidham,0.7672,0.6924,0.8387,3,3,Keep As-Is,0,0.0,0.0,0.0,76.72
2025-01-19,AMDâ†’Gandhidham,0.7486,0.6785,0.8194,3,3,Keep As-Is,0,0.0,0.0,0.0,74.86
2025-01-20,AMDâ†’Gandhidham,0.5191,0.4471,0.5869,3,3,Keep As-Is,0,0.0,0.0,0.0,51.91
2025-01-21,AMDâ†’Gandhidham,0.5149,0.4474,0.5881,3,3,Keep As-Is,0,0.0,0.0,0.0,51.49
2025-01-22,AMDâ†’Gandhidham,0.5611,0.4882,0.6307,3,3,Keep As-Is,0,0.0,0.0,0.0,56.11
2025-01-23,AMDâ†’Gandhidham,0.6033,0.5323,0.6768,3,3,Keep As-Is,0,0.0,0.0,0.0,60.33
2025-01-24,AMDâ†’Gandhidham,0.6048,0.5384,0.6693,3,3,Keep As-Is,0,0.0,0.0,0.0,60.48
2025-01-25,AMDâ†’Gandhidham,0.7682,0.6971,0.8339,3,3,Keep As-Is,0,0.0,0.0,0.0,76.82
2025-01-26,AMDâ†’Gandhidham,0.7273,0.6477,0.7925,3,3,Keep As-Is,0,0.0,0.0,0.0,72.73
2025-01-27,AMDâ†’Gandhidham,0.5112,0.4385,0.5803,3,3,Keep As-Is,0,0.0,0.0,0.0,51.12
2025-01-28,AMDâ†’Gandhidham,0.5073,0.4352,0.5755,3,3,Keep As-Is,0,0.0,0.0,0.0,50.73
2025-01-29,AMDâ†’Gandhidham,0.5275,0.4613,0.6018,3,3,Keep As-Is,0,0.0,0.0,0.0,52.75
2025-01-30,AMDâ†’Gandhidham,0.5384,0.4669,0.612,3,3,Keep As-Is,0,0.0,0.0,0.0,53.84
2025-01-31,AMDâ†’Gandhidham,0.5607,0.4901,0.6359,3,3,Keep As-Is,0,0.0,0.0,0.0,56.07
2025-02-01,AMDâ†’Gandhidham,0.661,0.5903,0.7309,3,3,Keep As-Is,0,0.0,0.0,0.0,66.1
2025-02-02,AMDâ†’Gandhidham,0.651,0.5794,0.7224,3,3,Keep As-Is,0,0.0,0.0,0.0,65.1
2025-02-03,AMDâ†’Gandhidham,0.4702,0.398,0.5425,3,3,Keep As-Is,0,0.0,0.0,0.0,47.02
2025-02-04,AMDâ†’Gandhidham,0.4575,0.3876,0.525,3,3,Keep As-Is,0,0.0,0.0,0.0,45.75
2025-02-05,AMDâ†’Gandhidham,0.4859,0.4147,0.5539,3,3,Keep As-Is,0,0.0,0.0,0.0,48.59
2025-02-06,AMDâ†’Gandhidham,0.5064,0.438,0.5776,3,3,Keep As-Is,0,0.0,0.0,0.0,50.64
2025-02-07,AMDâ†’Gandhidham,0.5675,0.5002,0.6358,3,3,Keep As-Is,0,0.0,0.0,0.0,56.75
2025-02-08,AMDâ†’Gandhidham,0.6654,0.5967,0.7338,3,3,Keep As-Is,0,0.0,0.0,0.0,66.54
2025-02-09,AMDâ†’Gandhidham,0.6542,0.579,0.7247,3,3,Keep As-Is,0,0.0,0.0,0.0,65.42
2025-02-10,AMDâ†’Gandhidham,0.4743,0.4021,0.5449,3,3,Keep As-Is,0,0.0,0.0,0.0,47.43
2025-02-11,AMDâ†’Gandhidham,0.4595,0.396,0.533,3,3,Keep As-Is,0,0.0,0.0,0.0,45.95
2025-02-12,AMDâ†’Gandhidham,0.4851,0.4156,0.5589,3,3,Keep As-Is,0,0.0,0.0,0.0,48.51
2025-02-13,AMDâ†’Gandhidham,0.5024,0.4296,0.5725,3,3,Keep As-Is,0,0.0,0.0,0.0,50.24
2025-02-14,AMDâ†’Gandhidham,0.5595,0.4901,0.6325,3,3,Keep As-Is,0,0.0,0.0,0.0,55.95
2025-02-15,AMDâ†’Gandhidham,0.6527,0.5821,0.7224,3,3,Keep As-Is,0,0.0,0.0,0.0,65.27
2025-02-16,AMDâ†’Gandhidham,0.6383,0.57,0.7072,3,3,Keep As-Is,0,0.0,0.0,0.0,63.83
2025-02-17,AMDâ†’Gandhidham,0.4575,0.3856,0.5291,3,3,Keep As-Is,0,0.0,0.0,0.0,45.75
2025-02-18,AMDâ†’Gandhidham,0.4396,0.3702,0.5118,3,2,Remove 1 Bus,-1,-9692.0,12179.0,-21871.0,43.96
2025-02-19,AMDâ†’Gandhidham,0.4613,0.389,0.5318,3,3,Keep As-Is,0,0.0,0.0,0.0,46.13
2025-02-20,AMDâ†’Gandhidham,0.4751,0.4042,0.5413,3,3,Keep As-Is,0,0.0,0.0,0.0,47.51
2025-02-21,AMDâ†’Gandhidham,0.5283,0.4589,0.5997,3,3,Keep As-Is,0,0.0,0.0,0.0,52.83
2025-02-22,AMDâ†’Gandhidham,0.6173,0.543,0.6866,3,3,Keep As-Is,0,0.0,0.0,0.0,61.73
2025-02-23,AMDâ†’Gandhidham,0.6005,0.5325,0.6706,3,3,Keep As-Is,0,0.0,0.0,0.0,60.05
2025-02-24,AMDâ†’Gandhidham,0.4203,0.3483,0.4926,3,2,Remove 1 Bus,-1,-9266.0,12179.0,-21445.0,42.03
2025-02-25,AMDâ†’Gandhidham,0.4007,0.3236,0.4684,3,2,Remove 1 Bus,-1,-8834.0,12179.0,-21013.0,40.07
2025-02-26,AMDâ†’Gandhidham,0.4206,0.3494,0.4928,3,2,Remove 1 Bus,-1,-9273.0,12179.0,-21452.0,42.06
2025-02-27,AMDâ†’Gandhidham,0.4332,0.3579,0.5009,3,2,Remove 1 Bus,-1,-9551.0,12179.0,-21730.0,43.32
2025-02-28,AMDâ†’Gandhidham,0.4848,0.4172,0.5554,3,3,Keep As-Is,0,0.0,0.0,0.0,48.48
2025-03-01,AMDâ†’Gandhidham,0.5721,0.4984,0.6442,3,3,Keep As-Is,0,0.0,0.0,0.0,57.21
2025-03-02,AMDâ†’Gandhidham,0.5557,0.4872,0.6226,3,3,Keep As-Is,0,0.0,0.0,0.0,55.57
2025-03-03,AMDâ†’Gandhidham,0.3786,0.3055,0.4486,3,2,Remove 1 Bus,-1,-8347.0,12179.0,-20526.0,37.86
2025-03-04,AMDâ†’Gandhidham,0.3601,0.292,0.4261,3,2,Remove 1 Bus,-1,-7939.0,12179.0,-20118.0,36.01
2025-03-05,AMDâ†’Gandhidham,0.3808,0.3066,0.454,3,2,Remove 1 Bus,-1,-8395.0,12179.0,-20574.0,38.08
2025-03-06,AMDâ†’Gandhidham,0.3945,0.3198,0.4671,3,2,Remove 1 Bus,-1,-8698.0,12179.0,-20877.0,39.45
2025-03-07,AMDâ†’Gandhidham,0.447,0.3744,0.5149,3,2,Remove 1 Bus,-1,-9855.0,12179.0,-22034.0,44.7
2025-03-08,AMDâ†’Gandhidham,0.5347,0.4637,0.6072,3,3,Keep As-Is,0,0.0,0.0,0.0,53.47
2025-03-09,AMDâ†’Gandhidham,0.5205,0.4539,0.5953,3,3,Keep As-Is,0,0.0,0.0,0.0,52.05
2025-03-10,AMDâ†’Gandhidham,0.3482,0.2718,0.4226,3,2,Remove 1 Bus,-1,-7677.0,12179.0,-19856.0,34.82
2025-03-11,AMDâ†’Gandhidham,0.3321,0.2609,0.4038,3,2,Remove 1 Bus,-1,-7322.0,12179.0,-19501.0,33.21
2025-03-12,AMDâ†’Gandhidham,0.3547,0.2813,0.4281,3,2,Remove 1 Bus,-1,-7820.0,12179.0,-19999.0,35.47
2025-03-13,AMDâ†’Gandhidham,0.3702,0.2941,0.4375,3,2,Remove 1 Bus,-1,-8162.0,12179.0,-20341.0,37.02
2025-03-14,AMDâ†’Gandhidham,0.4239,0.3501,0.4961,3,2,Remove 1 Bus,-1,-9346.0,12179.0,-21525.0,42.39
2025-03-15,AMDâ†’Gandhidham,0.5122,0.4448,0.5833,3,3,Keep As-Is,0,0.0,0.0,0.0,51.22
2025-03-16,AMDâ†’Gandhidham,0.5,0.4253,0.5703,3,3,Keep As-Is,0,0.0,0.0,0.0,50.0
2025-03-17,AMDâ†’Gandhidham,0.3322,0.2597,0.4026,3,2,Remove 1 Bus,-1,-7324.0,12179.0,-19503.0,33.22
2025-03-18,AMDâ†’Gandhidham,0.3179,0.2467,0.3887,3,2,Remove 1 Bus,-1,-7009.0,12179.0,-19188.0,31.79
2025-03-19,AMDâ†’Gandhidham,0.3414,0.2693,0.4103,3,2,Remove 1 Bus,-1,-7527.0,12179.0,-19706.0,34.14
2025-03-20,AMDâ†’Gandhidham,0.3579,0.2883,0.4278,3,2,Remove 1 Bus,-1,-7891.0,12179.0,-20070.0,35.79
2025-03-21,AMDâ†’Gandhidham,0.4117,0.343,0.4839,3,2,Remove 1 Bus,-1,-9077.0,12179.0,-21256.0,41.17
2025-03-22,AMDâ†’Gandhidham,0.4994,0.4277,0.5745,3,3,Keep As-Is,0,0.0,0.0,0.0,49.94
2025-03-23,AMDâ†’Gandhidham,0.4879,0.4125,0.5624,3,3,Keep As-Is,0,0.0,0.0,0.0,48.79
2025-03-24,AMDâ†’Gandhidham,0.3232,0.2539,0.3993,3,2,Remove 1 Bus,-1,-7126.0,12179.0,-19305.0,32.32
2025-03-25,AMDâ†’Gandhidham,0.3094,0.2349,0.3813,3,2,Remove 1 Bus,-1,-6821.0,12179.0,-19000.0,30.94
2025-03-26,AMDâ†’Gandhidham,0.3326,0.2618,0.4092,3,2,Remove 1 Bus,-1,-7333.0,12179.0,-19512.0,33.26
2025-03-27,AMDâ†’Gandhidham,0.3488,0.2792,0.4198,3,2,Remove 1 Bus,-1,-7690.0,12179.0,-19869.0,34.88
2025-03-28,AMDâ†’Gandhidham,0.4016,0.3228,0.4739,3,2,Remove 1 Bus,-1,-8854.0,12179.0,-21033.0,40.16
2025-03-29,AMDâ†’Gandhidham,0.4877,0.4171,0.5589,3,3,Keep As-Is,0,0.0,0.0,0.0,48.77
2025-03-30,AMDâ†’Gandhidham,0.4762,0.4022,0.55,3,3,Keep As-Is,0,0.0,0.0,0.0,47.62
2025-03-31,AMDâ†’Gandhidham,0.3138,0.2408,0.3826,3,2,Remove 1 Bus,-1,-6918.0,12179.0,-19097.0,31.38
2025-01-01,AMDâ†’Jamnagar,0.9178,0.8509,0.9829,4,5,Add 1 Bus,1,21684.0,11685.0,9999.0,91.78
2025-01-02,AMDâ†’Jamnagar,0.61,0.5485,0.675,4,4,Keep As-Is,0,0.0,0.0,0.0,61.0
2025-01-03,AMDâ†’Jamnagar,0.6808,0.6173,0.7518,4,4,Keep As-Is,0,0.0,0.0,0.0,68.08
2025-01-04,AMDâ†’Jamnagar,0.841,0.7772,0.9112,4,5,Add 1 Bus,1,19870.0,11685.0,8185.0,84.1
2025-01-05,AMDâ†’Jamnagar,0.8376,0.7728,0.8966,4,5,Add 1 Bus,1,19790.0,11685.0,8105.0,83.76
2025-01-06,AMDâ†’Jamnagar,0.5982,0.5366,0.6617,4,4,Keep As-Is,0,0.0,0.0,0.0,59.82
2025-01-07,AMDâ†’Jamnagar,0.5846,0.5163,0.6479,4,4,Keep As-Is,0,0.0,0.0,0.0,58.46
2025-01-08,AMDâ†’Jamnagar,0.5859,0.5209,0.653,4,4,Keep As-Is,0,0.0,0.0,0.0,58.59
2025-01-09,AMDâ†’Jamnagar,0.6185,0.5503,0.6831,4,4,Keep As-Is,0,0.0,0.0,0.0,61.85
2025-01-10,AMDâ†’Jamnagar,0.7115,0.6472,0.7781,4,4,Keep As-Is,0,0.0,0.0,0.0,71.15
2025-01-11,AMDâ†’Jamnagar,0.84,0.7745,0.9069,4,5,Add 1 Bus,1,19846.0,11685.0,8161.0,84.0
2025-01-12,AMDâ†’Jamnagar,0.9006,0.8327,0.9636,4,5,Add 1 Bus,1,21278.0,11685.0,9593.0,90.06
2025-01-13,AMDâ†’Jamnagar,0.5954,0.5263,0.6594,4,4,Keep As-Is,0,0.0,0.0,0.0,59.54
2025-01-14,AMDâ†’Jamnagar,0.5817,0.5152,0.6496,4,4,Keep As-Is,0,0.0,0.0,0.0,58.17
2025-01-15,AMDâ†’Jamnagar,0.8788,0.8156,0.9445,4,5,Add 1 Bus,1,20763.0,11685.0,9078.0,87.88
2025-01-16,AMDâ†’Jamnagar,0.6119,0.5414,0.6779,4,4,Keep As-Is,0,0.0,0.0,0.0,61.19
2025-01-17,AMDâ†’Jamnagar,0.7319,0.6682,0.8,4,4,Keep As-Is,0,0.0,0.0,0.0,73.19
2025-01-18,AMDâ†’Jamnagar,0.8805,0.8119,0.9383,4,5,Add 1 Bus,1,20803.0,11685.0,9118.0,88.05
2025-01-19,AMDâ†’Jamnagar,0.8303,0.7638,0.8944,4,5,Add 1 Bus,1,19617.0,11685.0,7932.0,83.03
2025-01-20,AMDâ†’Jamnagar,0.598,0.5336,0.6592,4,4,Keep As-Is,0,0.0,0.0,0.0,59.8
2025-01-21,AMDâ†’Jamnagar,0.5813,0.5178,0.6478,4,4,Keep As-Is,0,0.0,0.0,0.0,58.13
2025-01-22,AMDâ†’Jamnagar,0.6373,0.5711,0.7027,4,4,Keep As-Is,0,0.0,0.0,0.0,63.73
2025-01-23,AMDâ†’Jamnagar,0.6252,0.5601,0.6943,4,4,Keep As-Is,0,0.0,0.0,0.0,62.52
2025-01-24,AMDâ†’Jamnagar,0.6728,0.6076,0.7405,4,4,Keep As-Is,0,0.0,0.0,0.0,67.28
2025-01-25,AMDâ†’Jamnagar,0.8432,0.7823,0.9108,4,5,Add 1 Bus,1,19922.0,11685.0,8237.0,84.32
2025-01-26,AMDâ†’Jamnagar,0.8467,0.7771,0.9064,4,5,Add 1 Bus,1,20005.0,11685.0,8320.0,84.67
2025-01-27,AMDâ†’Jamnagar,0.6089,0.5482,0.6726,4,4,Keep As-Is,0,0.0,0.0,0.0,60.89
2025-01-28,AMDâ†’Jamnagar,0.5806,0.5146,0.6451,4,4,Keep As-Is,0,0.0,0.0,0.0,58.06
2025-01-29,AMDâ†’Jamnagar,0.5916,0.5225,0.6557,4,4,Keep As-Is,0,0.0,0.0,0.0,59.16
2025-01-30,AMDâ†’Jamnagar,0.6334,0.5647,0.699,4,4,Keep As-Is,0,0.0,0.0,0.0,63.34
2025-01-31,AMDâ†’Jamnagar,0.6831,0.6166,0.7475,4,4,Keep As-Is,0,0.0,0.0,0.0,68.31
2025-02-01,AMDâ†’Jamnagar,0.8341,0.7654,0.8963,4,5,Add 1 Bus,1,19707.0,11685.0,8022.0,83.41
2025-02-02,AMDâ†’Jamnagar,0.8123,0.7465,0.8796,4,5,Add 1 Bus,1,19192.0,11685.0,7507.0,81.23
2025-02-03,AMDâ†’Jamnagar,0.5386,0.4716,0.6012,4,4,Keep As-Is,0,0.0,0.0,0.0,53.86
2025-02-04,AMDâ†’Jamnagar,0.521,0.4537,0.5868,4,4,Keep As-Is,0,0.0,0.0,0.0,52.1
2025-02-05,AMDâ†’Jamnagar,0.564,0.4947,0.6315,4,4,Keep As-Is,0,0.0,0.0,0.0,56.4
2025-02-06,AMDâ†’Jamnagar,0.5925,0.5309,0.662,4,4,Keep As-Is,0,0.0,0.0,0.0,59.25
2025-02-07,AMDâ†’Jamnagar,0.6706,0.6049,0.7358,4,4,Keep As-Is,0,0.0,0.0,0.0,67.06
2025-02-08,AMDâ†’Jamnagar,0.8228,0.7547,0.8884,4,5,Add 1 Bus,1,19440.0,11685.0,7755.0,82.28
2025-02-09,AMDâ†’Jamnagar,0.8024,0.7352,0.8697,4,5,Add 1 Bus,1,18958.0,11685.0,7273.0,80.24
2025-02-10,AMDâ†’Jamnagar,0.5302,0.4692,0.596,4,4,Keep As-Is,0,0.0,0.0,0.0,53.02
2025-02-11,AMDâ†’Jamnagar,0.5141,0.4482,0.5799,4,4,Keep As-Is,0,0.0,0.0,0.0,51.41
2025-02-12,AMDâ†’Jamnagar,0.5587,0.4905,0.6245,4,4,Keep As-Is,0,0.0,0.0,0.0,55.87
2025-02-13,AMDâ†’Jamnagar,0.5888,0.5267,0.652,4,4,Keep As-Is,0,0.0,0.0,0.0,58.88
2025-02-14,AMDâ†’Jamnagar,0.6687,0.6018,0.7301,4,4,Keep As-Is,0,0.0,0.0,0.0,66.87
2025-02-15,AMDâ†’Jamnagar,0.8225,0.755,0.8918,4,5,Add 1 Bus,1,19433.0,11685.0,7748.0,82.25
2025-02-16,AMDâ†’Jamnagar,0.8039,0.7365,0.8687,4,5,Add 1 Bus,1,18993.0,11685.0,7308.0,80.39
2025-02-17,AMDâ†’Jamnagar,0.5334,0.4687,0.5998,4,4,Keep As-Is,0,0.0,0.0,0.0,53.34
2025-02-18,AMDâ†’Jamnagar,0.5189,0.4501,0.5864,4,4,Keep As-Is,0,0.0,0.0,0.0,51.89
2025-02-19,AMDâ†’Jamnagar,0.5651,0.4968,0.6276,4,4,Keep As-Is,0,0.0,0.0,0.0,56.51
2025-02-20,AMDâ†’Jamnagar,0.5967,0.5327,0.661,4,4,Keep As-Is,0,0.0,0.0,0.0,59.67
2025-02-21,AMDâ†’Jamnagar,0.6779,0.6092,0.7409,4,4,Keep As-Is,0,0.0,0.0,0.0,67.79
2025-02-22,AMDâ†’Jamnagar,0.833,0.7726,0.9015,4,5,Add 1 Bus,1,19681.0,11685.0,7996.0,83.3
2025-02-23,AMDâ†’Jamnagar,0.8154,0.7523,0.8815,4,5,Add 1 Bus,1,19265.0,11685.0,7580.0,81.54
2025-02-24,AMDâ†’Jamnagar,0.5458,0.4818,0.6041,4,4,Keep As-Is,0,0.0,0.0,0.0,54.58
2025-02-25,AMDâ†’Jamnagar,0.5321,0.4648,0.599,4,4,Keep As-Is,0,0.0,0.0,0.0,53.21
2025-02-26,AMDâ†’Jamnagar,0.5789,0.5131,0.6489,4,4,Keep As-Is,0,0.0,0.0,0.0,57.89
2025-02-27,AMDâ†’Jamnagar,0.6109,0.546,0.6772,4,4,Keep As-Is,0,0.0,0.0,0.0,61.09
2025-02-28,AMDâ†’Jamnagar,0.6923,0.627,0.7554,4,4,Keep As-Is,0,0.0,0.0,0.0,69.23
2025-03-01,AMDâ†’Jamnagar,0.8473,0.7759,0.9111,4,5,Add 1 Bus,1,20019.0,11685.0,8334.0,84.73
2025-03-02,AMDâ†’Jamnagar,0.8296,0.7679,0.8922,4,5,Add 1 Bus,1,19601.0,11685.0,7916.0,82.96
2025-03-03,AMDâ†’Jamnagar,0.5597,0.4967,0.6249,4,4,Keep As-Is,0,0.0,0.0,0.0,55.97
2025-03-04,AMDâ†’Jamnagar,0.5455,0.4815,0.6137,4,4,Keep As-Is,0,0.0,0.0,0.0,54.55
2025-03-05,AMDâ†’Jamnagar,0.5916,0.5246,0.6604,4,4,Keep As-Is,0,0.0,0.0,0.0,59.16
2025-03-06,AMDâ†’Jamnagar,0.6228,0.5626,0.6925,4,4,Keep As-Is,0,0.0,0.0,0.0,62.28
2025-03-07,AMDâ†’Jamnagar,0.7032,0.6336,0.7685,4,4,Keep As-Is,0,0.0,0.0,0.0,70.32
2025-03-08,AMDâ†’Jamnagar,0.8572,0.7956,0.9255,4,5,Add 1 Bus,1,20253.0,11685.0,8568.0,85.72
2025-03-09,AMDâ†’Jamnagar,0.8384,0.7742,0.9032,4,5,Add 1 Bus,1,19808.0,11685.0,8123.0,83.84
2025-03-10,AMDâ†’Jamnagar,0.5673,0.5,0.6351,4,4,Keep As-Is,0,0.0,0.0,0.0,56.73
2025-03-11,AMDâ†’Jamnagar,0.5519,0.4858,0.6201,4,4,Keep As-Is,0,0.0,0.0,0.0,55.19
2025-03-12,AMDâ†’Jamnagar,0.5967,0.5336,0.6592,4,4,Keep As-Is,0,0.0,0.0,0.0,59.67
2025-03-13,AMDâ†’Jamnagar,0.6267,0.5586,0.6922,4,4,Keep As-Is,0,0.0,0.0,0.0,62.67
2025-03-14,AMDâ†’Jamnagar,0.7059,0.6418,0.7724,4,4,Keep As-Is,0,0.0,0.0,0.0,70.59
2025-03-15,AMDâ†’Jamnagar,0.8587,0.7944,0.9242,4,5,Add 1 Bus,1,20288.0,11685.0,8603.0,85.87
2025-03-16,AMDâ†’Jamnagar,0.8387,0.7719,0.9019,4,5,Add 1 Bus,1,19816.0,11685.0,8131.0,83.87
2025-03-17,AMDâ†’Jamnagar,0.5667,0.5033,0.6369,4,4,Keep As-Is,0,0.0,0.0,0.0,56.67
2025-03-18,AMDâ†’Jamnagar,0.5503,0.4802,0.6092,4,4,Keep As-Is,0,0.0,0.0,0.0,55.03
2025-03-19,AMDâ†’Jamnagar,0.5942,0.5256,0.6543,4,4,Keep As-Is,0,0.0,0.0,0.0,59.42
2025-03-20,AMDâ†’Jamnagar,0.6234,0.5619,0.6903,4,4,Keep As-Is,0,0.0,0.0,0.0,62.34
2025-03-21,AMDâ†’Jamnagar,0.702,0.6321,0.7716,4,4,Keep As-Is,0,0.0,0.0,0.0,70.2
2025-03-22,AMDâ†’Jamnagar,0.8543,0.7884,0.9203,4,5,Add 1 Bus,1,20184.0,11685.0,8499.0,85.43
2025-03-23,AMDâ†’Jamnagar,0.8338,0.7693,0.8993,4,5,Add 1 Bus,1,19700.0,11685.0,8015.0,83.38
2025-03-24,AMDâ†’Jamnagar,0.5615,0.4959,0.6213,4,4,Keep As-Is,0,0.0,0.0,0.0,56.15
2025-03-25,AMDâ†’Jamnagar,0.5448,0.481,0.6122,4,4,Keep As-Is,0,0.0,0.0,0.0,54.48
2025-03-26,AMDâ†’Jamnagar,0.5886,0.5163,0.6509,4,4,Keep As-Is,0,0.0,0.0,0.0,58.86
2025-03-27,AMDâ†’Jamnagar,0.6177,0.5543,0.6846,4,4,Keep As-Is,0,0.0,0.0,0.0,61.77
2025-03-28,AMDâ†’Jamnagar,0.6962,0.6306,0.7613,4,4,Keep As-Is,0,0.0,0.0,0.0,69.62
2025-03-29,AMDâ†’Jamnagar,0.8485,0.7795,0.9119,4,5,Add 1 Bus,1,20047.0,11685.0,8362.0,84.85
2025-03-30,AMDâ†’Jamnagar,0.8281,0.7603,0.8935,4,5,Add 1 Bus,1,19565.0,11685.0,7880.0,82.81
2025-03-31,AMDâ†’Jamnagar,0.5558,0.4866,0.6209,4,4,Keep As-Is,0,0.0,0.0,0.0,55.58
2025-01-01,AMDâ†’Junagadh,0.9386,0.8712,1.0,4,6,Add 2 Buses,2,35348.0,20279.0,15069.0,93.86
2025-01-02,AMDâ†’Junagadh,0.6107,0.5401,0.6775,4,4,Keep As-Is,0,0.0,0.0,0.0,61.07
2025-01-03,AMDâ†’Junagadh,0.6883,0.6258,0.7529,4,4,Keep As-Is,0,0.0,0.0,0.0,68.83
2025-01-04,AMDâ†’Junagadh,0.861,0.7963,0.9288,4,5,Add 1 Bus,1,16213.0,10140.0,6073.0,86.1
2025-01-05,AMDâ†’Junagadh,0.836,0.7702,0.9022,4,5,Add 1 Bus,1,15742.0,10140.0,5602.0,83.6
2025-01-06,AMDâ†’Junagadh,0.6546,0.5837,0.7162,4,4,Keep As-Is,0,0.0,0.0,0.0,65.46
2025-01-07,AMDâ†’Junagadh,0.6016,0.531,0.6661,4,4,Keep As-Is,0,0.0,0.0,0.0,60.16
2025-01-08,AMDâ†’Junagadh,0.6413,0.5754,0.7056,4,4,Keep As-Is,0,0.0,0.0,0.0,64.13
2025-01-09,AMDâ†’Junagadh,0.6179,0.5507,0.6826,4,4,Keep As-Is,0,0.0,0.0,0.0,61.79
2025-01-10,AMDâ†’Junagadh,0.6855,0.6177,0.7523,4,4,Keep As-Is,0,0.0,0.0,0.0,68.55
2025-01-11,AMDâ†’Junagadh,0.8878,0.8206,0.9568,4,5,Add 1 Bus,1,16717.0,10140.0,6577.0,88.78
2025-01-12,AMDâ†’Junagadh,0.822,0.7584,0.8876,4,5,Add 1 Bus,1,15478.0,10140.0,5338.0,82.2
2025-01-13,AMDâ†’Junagadh,0.6145,0.5441,0.6834,4,4,Keep As-Is,0,0.0,0.0,0.0,61.45
2025-01-14,AMDâ†’Junagadh,0.5658,0.5017,0.6298,4,4,Keep As-Is,0,0.0,0.0,0.0,56.58
2025-01-15,AMDâ†’Junagadh,0.8935,0.8285,0.9568,4,5,Add 1 Bus,1,16825.0,10140.0,6685.0,89.35
2025-01-16,AMDâ†’Junagadh,0.6302,0.5632,0.6964,4,4,Keep As-Is,0,0.0,0.0,0.0,63.02
2025-01-17,AMDâ†’Junagadh,0.7004,0.6339,0.7685,4,4,Keep As-Is,0,0.0,0.0,0.0,70.04
2025-01-18,AMDâ†’Junagadh,0.8554,0.7883,0.918,4,5,Add 1 Bus,1,16107.0,10140.0,5967.0,85.54
2025-01-19,AMDâ†’Junagadh,0.8406,0.7738,0.9061,4,5,Add 1 Bus,1,15829.0,10140.0,5689.0,84.06
2025-01-20,AMDâ†’Junagadh,0.6295,0.5613,0.698,4,4,Keep As-Is,0,0.0,0.0,0.0,62.95
2025-01-21,AMDâ†’Junagadh,0.5937,0.5282,0.6597,4,4,Keep As-Is,0,0.0,0.0,0.0,59.37
2025-01-22,AMDâ†’Junagadh,0.5939,0.5274,0.6593,4,4,Keep As-Is,0,0.0,0.0,0.0,59.39
2025-01-23,AMDâ†’Junagadh,0.6165,0.5511,0.6818,4,4,Keep As-Is,0,0.0,0.0,0.0,61.65
2025-01-24,AMDâ†’Junagadh,0.7101,0.6469,0.7754,4,4,Keep As-Is,0,0.0,0.0,0.0,71.01
2025-01-25,AMDâ†’Junagadh,0.8299,0.7622,0.8966,4,5,Add 1 Bus,1,15627.0,10140.0,5487.0,82.99
2025-01-26,AMDâ†’Junagadh,0.8452,0.7737,0.913,4,5,Add 1 Bus,1,15915.0,10140.0,5775.0,84.52
2025-01-27,AMDâ†’Junagadh,0.6091,0.5406,0.6722,4,4,Keep As-Is,0,0.0,0.0,0.0,60.91
2025-01-28,AMDâ†’Junagadh,0.6319,0.5662,0.6997,4,4,Keep As-Is,0,0.0,0.0,0.0,63.19
2025-01-29,AMDâ†’Junagadh,0.5748,0.5096,0.6398,4,4,Keep As-Is,0,0.0,0.0,0.0,57.48
2025-01-30,AMDâ†’Junagadh,0.5987,0.5334,0.665,4,4,Keep As-Is,0,0.0,0.0,0.0,59.87
2025-01-31,AMDâ†’Junagadh,0.7031,0.6309,0.7664,4,4,Keep As-Is,0,0.0,0.0,0.0,70.31
2025-02-01,AMDâ†’Junagadh,0.8475,0.7809,0.9137,4,5,Add 1 Bus,1,15958.0,10140.0,5818.0,84.75
2025-02-02,AMDâ†’Junagadh,0.8306,0.7689,0.8952,4,5,Add 1 Bus,1,15640.0,10140.0,5500.0,83.06
2025-02-03,AMDâ†’Junagadh,0.555,0.4952,0.6178,4,4,Keep As-Is,0,0.0,0.0,0.0,55.5
2025-02-04,AMDâ†’Junagadh,0.5373,0.4745,0.6039,4,4,Keep As-Is,0,0.0,0.0,0.0,53.73
2025-02-05,AMDâ†’Junagadh,0.5787,0.5162,0.6481,4,4,Keep As-Is,0,0.0,0.0,0.0,57.87
2025-02-06,AMDâ†’Junagadh,0.6051,0.5385,0.676,4,4,Keep As-Is,0,0.0,0.0,0.0,60.51
2025-02-07,AMDâ†’Junagadh,0.6883,0.6227,0.7566,4,4,Keep As-Is,0,0.0,0.0,0.0,68.83
2025-02-08,AMDâ†’Junagadh,0.8331,0.7653,0.9015,4,5,Add 1 Bus,1,15687.0,10140.0,5547.0,83.31
2025-02-09,AMDâ†’Junagadh,0.8169,0.7505,0.8822,4,5,Add 1 Bus,1,15382.0,10140.0,5242.0,81.69
2025-02-10,AMDâ†’Junagadh,0.5424,0.4739,0.6054,4,4,Keep As-Is,0,0.0,0.0,0.0,54.24
2025-02-11,AMDâ†’Junagadh,0.5259,0.4582,0.594,4,4,Keep As-Is,0,0.0,0.0,0.0,52.59
2025-02-12,AMDâ†’Junagadh,0.5687,0.5031,0.6316,4,4,Keep As-Is,0,0.0,0.0,0.0,56.87
2025-02-13,AMDâ†’Junagadh,0.5969,0.5307,0.6648,4,4,Keep As-Is,0,0.0,0.0,0.0,59.69
2025-02-14,AMDâ†’Junagadh,0.6819,0.6186,0.7524,4,4,Keep As-Is,0,0.0,0.0,0.0,68.19
2025-02-15,AMDâ†’Junagadh,0.8287,0.7654,0.8942,4,5,Add 1 Bus,1,15604.0,10140.0,5464.0,82.87
2025-02-16,AMDâ†’Junagadh,0.8146,0.7454,0.884,4,5,Add 1 Bus,1,15339.0,10140.0,5199.0,81.46
2025-02-17,AMDâ†’Junagadh,0.5422,0.4699,0.6071,4,4,Keep As-Is,0,0.0,0.0,0.0,54.22
2025-02-18,AMDâ†’Junagadh,0.5279,0.4595,0.5933,4,4,Keep As-Is,0,0.0,0.0,0.0,52.79
2025-02-19,AMDâ†’Junagadh,0.5729,0.5077,0.64,4,4,Keep As-Is,0,0.0,0.0,0.0,57.29
2025-02-20,AMDâ†’Junagadh,0.6032,0.5388,0.6691,4,4,Keep As-Is,0,0.0,0.0,0.0,60.32
2025-02-21,AMDâ†’Junagadh,0.6902,0.6268,0.7525,4,4,Keep As-Is,0,0.0,0.0,0.0,69.02
2025-02-22,AMDâ†’Junagadh,0.8388,0.7758,0.9008,4,5,Add 1 Bus,1,15795.0,10140.0,5655.0,83.88
2025-02-23,AMDâ†’Junagadh,0.8264,0.7588,0.8919,4,5,Add 1 Bus,1,15561.0,10140.0,5421.0,82.64
2025-02-24,AMDâ†’Junagadh,0.5555,0.4905,0.6245,4,4,Keep As-Is,0,0.0,0.0,0.0,55.55
2025-02-25,AMDâ†’Junagadh,0.5424,0.4739,0.6102,4,4,Keep As-Is,0,0.0,0.0,0.0,54.24
2025-02-26,AMDâ†’Junagadh,0.5884,0.5273,0.653,4,4,Keep As-Is,0,0.0,0.0,0.0,58.84
2025-02-27,AMDâ†’Junagadh,0.6193,0.5522,0.6849,4,4,Keep As-Is,0,0.0,0.0,0.0,61.93
2025-02-28,AMDâ†’Junagadh,0.7067,0.6423,0.7694,4,4,Keep As-Is,0,0.0,0.0,0.0,70.67
2025-03-01,AMDâ†’Junagadh,0.8555,0.7935,0.9191,4,5,Add 1 Bus,1,16109.0,10140.0,5969.0,85.55
2025-03-02,AMDâ†’Junagadh,0.8428,0.7751,0.9116,4,5,Add 1 Bus,1,15870.0,10140.0,5730.0,84.28
2025-03-03,AMDâ†’Junagadh,0.5715,0.5052,0.6365,4,4,Keep As-Is,0,0.0,0.0,0.0,57.15
2025-03-04,AMDâ†’Junagadh,0.5577,0.4921,0.6232,4,4,Keep As-Is,0,0.0,0.0,0.0,55.77
2025-03-05,AMDâ†’Junagadh,0.6027,0.5411,0.671,4,4,Keep As-Is,0,0.0,0.0,0.0,60.27
2025-03-06,AMDâ†’Junagadh,0.6324,0.5747,0.703,4,4,Keep As-Is,0,0.0,0.0,0.0,63.24
2025-03-07,AMDâ†’Junagadh,0.7185,0.6462,0.7836,4,4,Keep As-Is,0,0.0,0.0,0.0,71.85
2025-03-08,AMDâ†’Junagadh,0.8657,0.802,0.9305,4,5,Add 1 Bus,1,16301.0,10140.0,6161.0,86.57
2025-03-09,AMDâ†’Junagadh,0.8515,0.7828,0.9129,4,5,Add 1 Bus,1,16034.0,10140.0,5894.0,85.15
2025-03-10,AMDâ†’Junagadh,0.5784,0.5125,0.643,4,4,Keep As-Is,0,0.0,0.0,0.0,57.84
2025-03-11,AMDâ†’Junagadh,0.5628,0.4918,0.6271,4,4,Keep As-Is,0,0.0,0.0,0.0,56.28
2025-03-12,AMDâ†’Junagadh,0.606,0.5417,0.6692,4,4,Keep As-Is,0,0.0,0.0,0.0,60.6
2025-03-13,AMDâ†’Junagadh,0.634,0.5723,0.7041,4,4,Keep As-Is,0,0.0,0.0,0.0,63.4
2025-03-14,AMDâ†’Junagadh,0.7183,0.6518,0.7863,4,4,Keep As-Is,0,0.0,0.0,0.0,71.83
2025-03-15,AMDâ†’Junagadh,0.8639,0.7936,0.9352,4,5,Add 1 Bus,1,16267.0,10140.0,6127.0,86.39
2025-03-16,AMDâ†’Junagadh,0.8481,0.7826,0.9126,4,5,Add 1 Bus,1,15970.0,10140.0,5830.0,84.81
2025-03-17,AMDâ†’Junagadh,0.5737,0.5064,0.6342,4,4,Keep As-Is,0,0.0,0.0,0.0,57.37
2025-03-18,AMDâ†’Junagadh,0.5568,0.4943,0.6231,4,4,Keep As-Is,0,0.0,0.0,0.0,55.68
2025-03-19,AMDâ†’Junagadh,0.599,0.5351,0.6641,4,4,Keep As-Is,0,0.0,0.0,0.0,59.9
2025-03-20,AMDâ†’Junagadh,0.626,0.5587,0.6984,4,4,Keep As-Is,0,0.0,0.0,0.0,62.6
2025-03-21,AMDâ†’Junagadh,0.7096,0.6421,0.7743,4,4,Keep As-Is,0,0.0,0.0,0.0,70.96
2025-03-22,AMDâ†’Junagadh,0.8546,0.7935,0.9215,4,5,Add 1 Bus,1,16092.0,10140.0,5952.0,85.46
2025-03-23,AMDâ†’Junagadh,0.8384,0.772,0.9029,4,5,Add 1 Bus,1,15787.0,10140.0,5647.0,83.84
2025-03-24,AMDâ†’Junagadh,0.5637,0.4918,0.6278,4,4,Keep As-Is,0,0.0,0.0,0.0,56.37
2025-03-25,AMDâ†’Junagadh,0.5468,0.4792,0.6115,4,4,Keep As-Is,0,0.0,0.0,0.0,54.68
2025-03-26,AMDâ†’Junagadh,0.589,0.526,0.6524,4,4,Keep As-Is,0,0.0,0.0,0.0,58.9
2025-03-27,AMDâ†’Junagadh,0.6161,0.5544,0.6842,4,4,Keep As-Is,0,0.0,0.0,0.0,61.61
2025-03-28,AMDâ†’Junagadh,0.7,0.6324,0.7677,4,4,Keep As-Is,0,0.0,0.0,0.0,70.0
2025-03-29,AMDâ†’Junagadh,0.8453,0.7787,0.9096,4,5,Add 1 Bus,1,15917.0,10140.0,5777.0,84.53
2025-03-30,AMDâ†’Junagadh,0.8294,0.7651,0.8957,4,5,Add 1 Bus,1,15618.0,10140.0,5478.0,82.94
2025-03-31,AMDâ†’Junagadh,0.5552,0.4893,0.6208,4,4,Keep As-Is,0,0.0,0.0,0.0,55.52
2025-01-01,AMDâ†’Porbandar,0.8201,0.7571,0.8783,3,4,Add 1 Bus,1,12612.0,10461.0,2151.0,82.01
2025-01-02,AMDâ†’Porbandar,0.5755,0.516,0.6383,3,3,Keep As-Is,0,0.0,0.0,0.0,57.55
2025-01-03,AMDâ†’Porbandar,0.6148,0.5546,0.6755,3,3,Keep As-Is,0,0.0,0.0,0.0,61.48
2025-01-04,AMDâ†’Porbandar,0.7739,0.7134,0.8373,3,3,Keep As-Is,0,0.0,0.0,0.0,77.39
2025-01-05,AMDâ†’Porbandar,0.7409,0.6755,0.8034,3,3,Keep As-Is,0,0.0,0.0,0.0,74.09
2025-01-06,AMDâ†’Porbandar,0.5447,0.4841,0.6044,3,3,Keep As-Is,0,0.0,0.0,0.0,54.47
2025-01-07,AMDâ†’Porbandar,0.5283,0.4644,0.5879,3,3,Keep As-Is,0,0.0,0.0,0.0,52.83
2025-01-08,AMDâ†’Porbandar,0.4951,0.432,0.5552,3,3,Keep As-Is,0,0.0,0.0,0.0,49.51
2025-01-09,AMDâ†’Porbandar,0.5612,0.4994,0.623,3,3,Keep As-Is,0,0.0,0.0,0.0,56.12
2025-01-10,AMDâ†’Porbandar,0.6414,0.5843,0.7019,3,3,Keep As-Is,0,0.0,0.0,0.0,64.14
2025-01-11,AMDâ†’Porbandar,0.6888,0.6233,0.7485,3,3,Keep As-Is,0,0.0,0.0,0.0,68.88
2025-01-12,AMDâ†’Porbandar,0.7374,0.6779,0.7982,3,3,Keep As-Is,0,0.0,0.0,0.0,73.74
2025-01-13,AMDâ†’Porbandar,0.5558,0.4963,0.6199,3,3,Keep As-Is,0,0.0,0.0,0.0,55.58
2025-01-14,AMDâ†’Porbandar,0.5092,0.4495,0.5737,3,3,Keep As-Is,0,0.0,0.0,0.0,50.92
2025-01-15,AMDâ†’Porbandar,0.6446,0.5808,0.7067,3,3,Keep As-Is,0,0.0,0.0,0.0,64.46
2025-01-16,AMDâ†’Porbandar,0.5731,0.5122,0.6346,3,3,Keep As-Is,0,0.0,0.0,0.0,57.31
2025-01-17,AMDâ†’Porbandar,0.6381,0.5752,0.6964,3,3,Keep As-Is,0,0.0,0.0,0.0,63.81
2025-01-18,AMDâ†’Porbandar,0.763,0.7043,0.8269,3,3,Keep As-Is,0,0.0,0.0,0.0,76.3
2025-01-19,AMDâ†’Porbandar,0.7362,0.677,0.7951,3,3,Keep As-Is,0,0.0,0.0,0.0,73.62
2025-01-20,AMDâ†’Porbandar,0.5502,0.4907,0.6112,3,3,Keep As-Is,0,0.0,0.0,0.0,55.02
2025-01-21,AMDâ†’Porbandar,0.4729,0.4122,0.5322,3,3,Keep As-Is,0,0.0,0.0,0.0,47.29
2025-01-22,AMDâ†’Porbandar,0.5519,0.4877,0.6099,3,3,Keep As-Is,0,0.0,0.0,0.0,55.19
2025-01-23,AMDâ†’Porbandar,0.5113,0.4506,0.5704,3,3,Keep As-Is,0,0.0,0.0,0.0,51.13
2025-01-24,AMDâ†’Porbandar,0.5884,0.5284,0.6536,3,3,Keep As-Is,0,0.0,0.0,0.0,58.84
2025-01-25,AMDâ†’Porbandar,0.7492,0.6881,0.8074,3,3,Keep As-Is,0,0.0,0.0,0.0,74.92
2025-01-26,AMDâ†’Porbandar,0.7566,0.6928,0.8208,3,3,Keep As-Is,0,0.0,0.0,0.0,75.66
2025-01-27,AMDâ†’Porbandar,0.5026,0.4427,0.5626,3,3,Keep As-Is,0,0.0,0.0,0.0,50.26
2025-01-28,AMDâ†’Porbandar,0.479,0.4145,0.5417,3,3,Keep As-Is,0,0.0,0.0,0.0,47.9
2025-01-29,AMDâ†’Porbandar,0.5042,0.4456,0.567,3,3,Keep As-Is,0,0.0,0.0,0.0,50.42
2025-01-30,AMDâ†’Porbandar,0.5937,0.533,0.6529,3,3,Keep As-Is,0,0.0,0.0,0.0,59.37
2025-01-31,AMDâ†’Porbandar,0.6178,0.5548,0.6783,3,3,Keep As-Is,0,0.0,0.0,0.0,61.78
2025-02-01,AMDâ†’Porbandar,0.7637,0.7044,0.8242,3,3,Keep As-Is,0,0.0,0.0,0.0,76.37
2025-02-02,AMDâ†’Porbandar,0.7406,0.6779,0.8038,3,3,Keep As-Is,0,0.0,0.0,0.0,74.06
2025-02-03,AMDâ†’Porbandar,0.4903,0.429,0.5548,3,3,Keep As-Is,0,0.0,0.0,0.0,49.03
2025-02-04,AMDâ†’Porbandar,0.475,0.4162,0.5363,3,3,Keep As-Is,0,0.0,0.0,0.0,47.5
2025-02-05,AMDâ†’Porbandar,0.5053,0.4487,0.5639,3,3,Keep As-Is,0,0.0,0.0,0.0,50.53
2025-02-06,AMDâ†’Porbandar,0.5413,0.4847,0.6051,3,3,Keep As-Is,0,0.0,0.0,0.0,54.13
2025-02-07,AMDâ†’Porbandar,0.6081,0.5498,0.6729,3,3,Keep As-Is,0,0.0,0.0,0.0,60.81
2025-02-08,AMDâ†’Porbandar,0.7534,0.6871,0.8107,3,3,Keep As-Is,0,0.0,0.0,0.0,75.34
2025-02-09,AMDâ†’Porbandar,0.7297,0.6682,0.7897,3,3,Keep As-Is,0,0.0,0.0,0.0,72.97
2025-02-10,AMDâ†’Porbandar,0.479,0.4168,0.5384,3,3,Keep As-Is,0,0.0,0.0,0.0,47.9
2025-02-11,AMDâ†’Porbandar,0.4635,0.4062,0.5259,3,3,Keep As-Is,0,0.0,0.0,0.0,46.35
2025-02-12,AMDâ†’Porbandar,0.4938,0.4325,0.5524,3,3,Keep As-Is,0,0.0,0.0,0.0,49.38
2025-02-13,AMDâ†’Porbandar,0.5299,0.4645,0.5866,3,3,Keep As-Is,0,0.0,0.0,0.0,52.99
2025-02-14,AMDâ†’Porbandar,0.5971,0.537,0.6576,3,3,Keep As-Is,0,0.0,0.0,0.0,59.71
2025-02-15,AMDâ†’Porbandar,0.7429,0.677,0.8061,3,3,Keep As-Is,0,0.0,0.0,0.0,74.29
2025-02-16,AMDâ†’Porbandar,0.72,0.6564,0.7805,3,3,Keep As-Is,0,0.0,0.0,0.0,72.0
2025-02-17,AMDâ†’Porbandar,0.4702,0.4067,0.5339,3,3,Keep As-Is,0,0.0,0.0,0.0,47.02
2025-02-18,AMDâ†’Porbandar,0.4559,0.3957,0.5185,3,3,Keep As-Is,0,0.0,0.0,0.0,45.59
2025-02-19,AMDâ†’Porbandar,0.4874,0.4258,0.5476,3,3,Keep As-Is,0,0.0,0.0,0.0,48.74
2025-02-20,AMDâ†’Porbandar,0.525,0.4625,0.5849,3,3,Keep As-Is,0,0.0,0.0,0.0,52.5
2025-02-21,AMDâ†’Porbandar,0.5938,0.5282,0.6521,3,3,Keep As-Is,0,0.0,0.0,0.0,59.38
2025-02-22,AMDâ†’Porbandar,0.7412,0.6813,0.8045,3,3,Keep As-Is,0,0.0,0.0,0.0,74.12
2025-02-23,AMDâ†’Porbandar,0.7201,0.6625,0.7863,3,3,Keep As-Is,0,0.0,0.0,0.0,72.01
2025-02-24,AMDâ†’Porbandar,0.472,0.407,0.5333,3,3,Keep As-Is,0,0.0,0.0,0.0,47.2
2025-02-25,AMDâ†’Porbandar,0.4594,0.3993,0.5225,3,3,Keep As-Is,0,0.0,0.0,0.0,45.94
2025-02-26,AMDâ†’Porbandar,0.4926,0.432,0.5588,3,3,Keep As-Is,0,0.0,0.0,0.0,49.26
2025-02-27,AMDâ†’Porbandar,0.5317,0.4728,0.5956,3,3,Keep As-Is,0,0.0,0.0,0.0,53.17
2025-02-28,AMDâ†’Porbandar,0.6019,0.5359,0.6629,3,3,Keep As-Is,0,0.0,0.0,0.0,60.19
2025-03-01,AMDâ†’Porbandar,0.7506,0.6858,0.8113,3,3,Keep As-Is,0,0.0,0.0,0.0,75.06
2025-03-02,AMDâ†’Porbandar,0.7304,0.6727,0.7925,3,3,Keep As-Is,0,0.0,0.0,0.0,73.04
2025-03-03,AMDâ†’Porbandar,0.4832,0.4208,0.5449,3,3,Keep As-Is,0,0.0,0.0,0.0,48.32
2025-03-04,AMDâ†’Porbandar,0.4712,0.4122,0.5328,3,3,Keep As-Is,0,0.0,0.0,0.0,47.12
2025-03-05,AMDâ†’Porbandar,0.5047,0.4446,0.564,3,3,Keep As-Is,0,0.0,0.0,0.0,50.47
2025-03-06,AMDâ†’Porbandar,0.5438,0.4815,0.6053,3,3,Keep As-Is,0,0.0,0.0,0.0,54.38
2025-03-07,AMDâ†’Porbandar,0.6137,0.5526,0.6735,3,3,Keep As-Is,0,0.0,0.0,0.0,61.37
2025-03-08,AMDâ†’Porbandar,0.7619,0.6994,0.8244,3,3,Keep As-Is,0,0.0,0.0,0.0,76.19
2025-03-09,AMDâ†’Porbandar,0.741,0.6816,0.808,3,3,Keep As-Is,0,0.0,0.0,0.0,74.1
2025-03-10,AMDâ†’Porbandar,0.4927,0.4311,0.5549,3,3,Keep As-Is,0,0.0,0.0,0.0,49.27
2025-03-11,AMDâ†’Porbandar,0.4795,0.4199,0.542,3,3,Keep As-Is,0,0.0,0.0,0.0,47.95
2025-03-12,AMDâ†’Porbandar,0.5115,0.4514,0.5736,3,3,Keep As-Is,0,0.0,0.0,0.0,51.15
2025-03-13,AMDâ†’Porbandar,0.5491,0.4861,0.6104,3,3,Keep As-Is,0,0.0,0.0,0.0,54.91
2025-03-14,AMDâ†’Porbandar,0.6174,0.5559,0.6772,3,3,Keep As-Is,0,0.0,0.0,0.0,61.74
2025-03-15,AMDâ†’Porbandar,0.7638,0.702,0.8274,3,3,Keep As-Is,0,0.0,0.0,0.0,76.38
2025-03-16,AMDâ†’Porbandar,0.7412,0.681,0.8078,3,3,Keep As-Is,0,0.0,0.0,0.0,74.12
2025-03-17,AMDâ†’Porbandar,0.4912,0.4312,0.5539,3,3,Keep As-Is,0,0.0,0.0,0.0,49.12
2025-03-18,AMDâ†’Porbandar,0.4763,0.4139,0.5387,3,3,Keep As-Is,0,0.0,0.0,0.0,47.63
2025-03-19,AMDâ†’Porbandar,0.5068,0.4443,0.5692,3,3,Keep As-Is,0,0.0,0.0,0.0,50.68
2025-03-20,AMDâ†’Porbandar,0.543,0.4812,0.6066,3,3,Keep As-Is,0,0.0,0.0,0.0,54.3
2025-03-21,AMDâ†’Porbandar,0.61,0.5491,0.6716,3,3,Keep As-Is,0,0.0,0.0,0.0,61.0
2025-03-22,AMDâ†’Porbandar,0.7554,0.692,0.8176,3,3,Keep As-Is,0,0.0,0.0,0.0,75.54
2025-03-23,AMDâ†’Porbandar,0.7319,0.6734,0.7964,3,3,Keep As-Is,0,0.0,0.0,0.0,73.19
2025-03-24,AMDâ†’Porbandar,0.4814,0.4154,0.5432,3,3,Keep As-Is,0,0.0,0.0,0.0,48.14
2025-03-25,AMDâ†’Porbandar,0.4661,0.4072,0.5277,3,3,Keep As-Is,0,0.0,0.0,0.0,46.61
2025-03-26,AMDâ†’Porbandar,0.4966,0.4371,0.5567,3,3,Keep As-Is,0,0.0,0.0,0.0,49.66
2025-03-27,AMDâ†’Porbandar,0.5329,0.4695,0.5879,3,3,Keep As-Is,0,0.0,0.0,0.0,53.29
2025-03-28,AMDâ†’Porbandar,0.6003,0.5382,0.6611,3,3,Keep As-Is,0,0.0,0.0,0.0,60.03
2025-03-29,AMDâ†’Porbandar,0.7463,0.6864,0.8082,3,3,Keep As-Is,0,0.0,0.0,0.0,74.63
2025-03-30,AMDâ†’Porbandar,0.7237,0.6575,0.7834,3,3,Keep As-Is,0,0.0,0.0,0.0,72.37
2025-03-31,AMDâ†’Porbandar,0.4741,0.4107,0.5378,3,3,Keep As-Is,0,0.0,0.0,0.0,47.41
2025-01-01,AMDâ†’Rajkot,1.0,0.9495,1.0,7,9,Add 2 Buses,2,26332.0,17650.0,8682.0,100.0
2025-01-02,AMDâ†’Rajkot,0.716,0.6471,0.7774,7,7,Keep As-Is,0,0.0,0.0,0.0,71.6
2025-01-03,AMDâ†’Rajkot,0.8035,0.7336,0.8713,7,8,Add 1 Bus,1,10579.0,8825.0,1754.0,80.35
2025-01-04,AMDâ†’Rajkot,0.9401,0.8742,1.0,7,9,Add 2 Buses,2,24755.0,17650.0,7105.0,94.01
2025-01-05,AMDâ†’Rajkot,0.9375,0.8711,1.0,7,9,Add 2 Buses,2,24686.0,17650.0,7036.0,93.75
2025-01-06,AMDâ†’Rajkot,0.7105,0.6461,0.7837,7,7,Keep As-Is,0,0.0,0.0,0.0,71.05
2025-01-07,AMDâ†’Rajkot,0.7108,0.6437,0.778,7,7,Keep As-Is,0,0.0,0.0,0.0,71.08
2025-01-08,AMDâ†’Rajkot,0.663,0.5972,0.7284,7,7,Keep As-Is,0,0.0,0.0,0.0,66.3
2025-01-09,AMDâ†’Rajkot,0.6886,0.6251,0.7599,7,7,Keep As-Is,0,0.0,0.0,0.0,68.86
2025-01-10,AMDâ†’Rajkot,0.825,0.7614,0.8899,7,8,Add 1 Bus,1,10862.0,8825.0,2037.0,82.5
2025-01-11,AMDâ†’Rajkot,0.9303,0.8639,0.9976,7,9,Add 2 Buses,2,24497.0,17650.0,6847.0,93.03
2025-01-12,AMDâ†’Rajkot,0.9418,0.8757,1.0,7,9,Add 2 Buses,2,24799.0,17650.0,7149.0,94.18
2025-01-13,AMDâ†’Rajkot,0.7082,0.6422,0.7785,7,7,Keep As-Is,0,0.0,0.0,0.0,70.82
2025-01-14,AMDâ†’Rajkot,0.6699,0.6043,0.735,7,7,Keep As-Is,0,0.0,0.0,0.0,66.99
2025-01-15,AMDâ†’Rajkot,0.9907,0.9208,1.0,7,9,Add 2 Buses,2,26087.0,17650.0,8437.0,99.07
2025-01-16,AMDâ†’Rajkot,0.6855,0.6138,0.7534,7,7,Keep As-Is,0,0.0,0.0,0.0,68.55
2025-01-17,AMDâ†’Rajkot,0.8244,0.7613,0.8956,7,8,Add 1 Bus,1,10854.0,8825.0,2029.0,82.44
2025-01-18,AMDâ†’Rajkot,0.9333,0.8641,1.0,7,9,Add 2 Buses,2,24576.0,17650.0,6926.0,93.33
2025-01-19,AMDâ†’Rajkot,0.9401,0.8658,1.0,7,9,Add 2 Buses,2,24755.0,17650.0,7105.0,94.01
2025-01-20,AMDâ†’Rajkot,0.705,0.6356,0.7725,7,7,Keep As-Is,0,0.0,0.0,0.0,70.5
2025-01-21,AMDâ†’Rajkot,0.6837,0.6182,0.7534,7,7,Keep As-Is,0,0.0,0.0,0.0,68.37
2025-01-22,AMDâ†’Rajkot,0.6739,0.6075,0.7394,7,7,Keep As-Is,0,0.0,0.0,0.0,67.39
2025-01-23,AMDâ†’Rajkot,0.7264,0.656,0.7899,7,7,Keep As-Is,0,0.0,0.0,0.0,72.64
2025-01-24,AMDâ†’Rajkot,0.8067,0.7373,0.8761,7,8,Add 1 Bus,1,10621.0,8825.0,1796.0,80.67
2025-01-25,AMDâ†’Rajkot,0.9208,0.8522,0.9911,7,9,Add 2 Buses,2,24246.0,17650.0,6596.0,92.08
2025-01-26,AMDâ†’Rajkot,0.9284,0.8617,0.9924,7,9,Add 2 Buses,2,24447.0,17650.0,6797.0,92.84
2025-01-27,AMDâ†’Rajkot,0.7048,0.6361,0.7714,7,7,Keep As-Is,0,0.0,0.0,0.0,70.48
2025-01-28,AMDâ†’Rajkot,0.6841,0.6164,0.7527,7,7,Keep As-Is,0,0.0,0.0,0.0,68.41
2025-01-29,AMDâ†’Rajkot,0.6579,0.5888,0.7242,7,7,Keep As-Is,0,0.0,0.0,0.0,65.79
2025-01-30,AMDâ†’Rajkot,0.7085,0.6403,0.7758,7,7,Keep As-Is,0,0.0,0.0,0.0,70.85
2025-01-31,AMDâ†’Rajkot,0.806,0.7408,0.8812,7,8,Add 1 Bus,1,10612.0,8825.0,1787.0,80.6
2025-02-01,AMDâ†’Rajkot,0.9293,0.8597,0.9956,7,9,Add 2 Buses,2,24470.0,17650.0,6820.0,92.93
2025-02-02,AMDâ†’Rajkot,0.9165,0.8513,0.9844,7,8,Add 1 Bus,1,12067.0,8825.0,3242.0,91.65
2025-02-03,AMDâ†’Rajkot,0.6442,0.5815,0.7118,7,7,Keep As-Is,0,0.0,0.0,0.0,64.42
2025-02-04,AMDâ†’Rajkot,0.6274,0.5589,0.6918,7,7,Keep As-Is,0,0.0,0.0,0.0,62.74
2025-02-05,AMDâ†’Rajkot,0.6657,0.604,0.7312,7,7,Keep As-Is,0,0.0,0.0,0.0,66.57
2025-02-06,AMDâ†’Rajkot,0.6965,0.6315,0.7621,7,7,Keep As-Is,0,0.0,0.0,0.0,69.65
2025-02-07,AMDâ†’Rajkot,0.7925,0.7282,0.8546,7,7,Keep As-Is,0,0.0,0.0,0.0,79.25
2025-02-08,AMDâ†’Rajkot,0.9169,0.8524,0.9845,7,8,Add 1 Bus,1,12072.0,8825.0,3247.0,91.69
2025-02-09,AMDâ†’Rajkot,0.9052,0.8396,0.9704,7,8,Add 1 Bus,1,11918.0,8825.0,3093.0,90.52
2025-02-10,AMDâ†’Rajkot,0.6344,0.573,0.7009,7,7,Keep As-Is,0,0.0,0.0,0.0,63.44
2025-02-11,AMDâ†’Rajkot,0.6192,0.5557,0.687,7,7,Keep As-Is,0,0.0,0.0,0.0,61.92
2025-02-12,AMDâ†’Rajkot,0.6592,0.5961,0.7296,7,7,Keep As-Is,0,0.0,0.0,0.0,65.92
2025-02-13,AMDâ†’Rajkot,0.6917,0.6296,0.7584,7,7,Keep As-Is,0,0.0,0.0,0.0,69.17
2025-02-14,AMDâ†’Rajkot,0.7894,0.7204,0.8589,7,7,Keep As-Is,0,0.0,0.0,0.0,78.94
2025-02-15,AMDâ†’Rajkot,0.9156,0.8488,0.9834,7,8,Add 1 Bus,1,12055.0,8825.0,3230.0,91.56
2025-02-16,AMDâ†’Rajkot,0.9057,0.8405,0.9717,7,8,Add 1 Bus,1,11924.0,8825.0,3099.0,90.57
2025-02-17,AMDâ†’Rajkot,0.6366,0.5726,0.7053,7,7,Keep As-Is,0,0.0,0.0,0.0,63.66
2025-02-18,AMDâ†’Rajkot,0.623,0.5554,0.6926,7,7,Keep As-Is,0,0.0,0.0,0.0,62.3
2025-02-19,AMDâ†’Rajkot,0.6644,0.5962,0.7262,7,7,Keep As-Is,0,0.0,0.0,0.0,66.44
2025-02-20,AMDâ†’Rajkot,0.6983,0.6301,0.7649,7,7,Keep As-Is,0,0.0,0.0,0.0,69.83
2025-02-21,AMDâ†’Rajkot,0.7972,0.7273,0.8688,7,7,Keep As-Is,0,0.0,0.0,0.0,79.72
2025-02-22,AMDâ†’Rajkot,0.9243,0.8599,0.988,7,9,Add 2 Buses,2,24339.0,17650.0,6689.0,92.43
2025-02-23,AMDâ†’Rajkot,0.9153,0.8485,0.9823,7,8,Add 1 Bus,1,12051.0,8825.0,3226.0,91.53
2025-02-24,AMDâ†’Rajkot,0.6468,0.5782,0.7122,7,7,Keep As-Is,0,0.0,0.0,0.0,64.68
2025-02-25,AMDâ†’Rajkot,0.6335,0.5637,0.7024,7,7,Keep As-Is,0,0.0,0.0,0.0,63.35
2025-02-26,AMDâ†’Rajkot,0.6752,0.6098,0.7433,7,7,Keep As-Is,0,0.0,0.0,0.0,67.52
2025-02-27,AMDâ†’Rajkot,0.7091,0.6408,0.7789,7,7,Keep As-Is,0,0.0,0.0,0.0,70.91
2025-02-28,AMDâ†’Rajkot,0.8078,0.7412,0.8754,7,8,Add 1 Bus,1,10635.0,8825.0,1810.0,80.78
2025-03-01,AMDâ†’Rajkot,0.9346,0.8704,1.0,7,9,Add 2 Buses,2,24610.0,17650.0,6960.0,93.46
2025-03-02,AMDâ†’Rajkot,0.925,0.8545,0.9909,7,9,Add 2 Buses,2,24357.0,17650.0,6707.0,92.5
2025-03-03,AMDâ†’Rajkot,0.656,0.5843,0.7234,7,7,Keep As-Is,0,0.0,0.0,0.0,65.6
2025-03-04,AMDâ†’Rajkot,0.6421,0.5765,0.7083,7,7,Keep As-Is,0,0.0,0.0,0.0,64.21
2025-03-05,AMDâ†’Rajkot,0.683,0.6131,0.7495,7,7,Keep As-Is,0,0.0,0.0,0.0,68.3
2025-03-06,AMDâ†’Rajkot,0.7161,0.6479,0.7825,7,7,Keep As-Is,0,0.0,0.0,0.0,71.61
2025-03-07,AMDâ†’Rajkot,0.814,0.7493,0.8862,7,8,Add 1 Bus,1,10717.0,8825.0,1892.0,81.4
2025-03-08,AMDâ†’Rajkot,0.94,0.8687,1.0,7,9,Add 2 Buses,2,24752.0,17650.0,7102.0,94.0
2025-03-09,AMDâ†’Rajkot,0.9297,0.8654,0.9934,7,9,Add 2 Buses,2,24481.0,17650.0,6831.0,92.97
2025-03-10,AMDâ†’Rajkot,0.6601,0.5906,0.7257,7,7,Keep As-Is,0,0.0,0.0,0.0,66.01
2025-03-11,AMDâ†’Rajkot,0.6455,0.5775,0.7157,7,7,Keep As-Is,0,0.0,0.0,0.0,64.55
2025-03-12,AMDâ†’Rajkot,0.6859,0.617,0.7557,7,7,Keep As-Is,0,0.0,0.0,0.0,68.59
2025-03-13,AMDâ†’Rajkot,0.7187,0.6472,0.7815,7,7,Keep As-Is,0,0.0,0.0,0.0,71.87
2025-03-14,AMDâ†’Rajkot,0.8162,0.7475,0.8829,7,8,Add 1 Bus,1,10746.0,8825.0,1921.0,81.62
2025-03-15,AMDâ†’Rajkot,0.942,0.8696,1.0,7,9,Add 2 Buses,2,24805.0,17650.0,7155.0,94.2
2025-03-16,AMDâ†’Rajkot,0.9316,0.864,0.9999,7,9,Add 2 Buses,2,24531.0,17650.0,6881.0,93.16
2025-03-17,AMDâ†’Rajkot,0.6619,0.5919,0.7326,7,7,Keep As-Is,0,0.0,0.0,0.0,66.19
2025-03-18,AMDâ†’Rajkot,0.6475,0.5815,0.7167,7,7,Keep As-Is,0,0.0,0.0,0.0,64.75
2025-03-19,AMDâ†’Rajkot,0.688,0.6238,0.7577,7,7,Keep As-Is,0,0.0,0.0,0.0,68.8
2025-03-20,AMDâ†’Rajkot,0.7208,0.6598,0.7872,7,7,Keep As-Is,0,0.0,0.0,0.0,72.08
2025-03-21,AMDâ†’Rajkot,0.8185,0.7539,0.887,7,8,Add 1 Bus,1,10776.0,8825.0,1951.0,81.85
2025-03-22,AMDâ†’Rajkot,0.9444,0.8786,1.0,7,9,Add 2 Buses,2,24868.0,17650.0,7218.0,94.44
2025-03-23,AMDâ†’Rajkot,0.9342,0.8694,0.9996,7,9,Add 2 Buses,2,24599.0,17650.0,6949.0,93.42
2025-03-24,AMDâ†’Rajkot,0.6646,0.598,0.7364,7,7,Keep As-Is,0,0.0,0.0,0.0,66.46
2025-03-25,AMDâ†’Rajkot,0.6501,0.5865,0.7191,7,7,Keep As-Is,0,0.0,0.0,0.0,65.01
2025-03-26,AMDâ†’Rajkot,0.6905,0.6272,0.7603,7,7,Keep As-Is,0,0.0,0.0,0.0,69.05
2025-03-27,AMDâ†’Rajkot,0.7231,0.6601,0.788,7,7,Keep As-Is,0,0.0,0.0,0.0,72.31
2025-03-28,AMDâ†’Rajkot,0.8205,0.7521,0.8864,7,8,Add 1 Bus,1,10803.0,8825.0,1978.0,82.05
2025-03-29,AMDâ†’Rajkot,0.9459,0.8778,1.0,7,9,Add 2 Buses,2,24907.0,17650.0,7257.0,94.59
2025-03-30,AMDâ†’Rajkot,0.9351,0.8667,1.0,7,9,Add 2 Buses,2,24623.0,17650.0,6973.0,93.51
2025-03-31,AMDâ†’Rajkot,0.6648,0.6002,0.7329,7,7,Keep As-Is,0,0.0,0.0,0.0,66.48
2025-01-01,AMDâ†’Somnath,0.94,0.8702,1.0,3,5,Add 2 Buses,2,46241.0,27056.0,19185.0,94.0
2025-01-02,AMDâ†’Somnath,0.5655,0.4974,0.6392,3,3,Keep As-Is,0,0.0,0.0,0.0,56.55
2025-01-03,AMDâ†’Somnath,0.7089,0.6368,0.7762,3,3,Keep As-Is,0,0.0,0.0,0.0,70.89
2025-01-04,AMDâ†’Somnath,0.8704,0.8023,0.937,3,4,Add 1 Bus,1,21409.0,13528.0,7881.0,87.04
2025-01-05,AMDâ†’Somnath,0.8728,0.8092,0.9454,3,4,Add 1 Bus,1,21468.0,13528.0,7940.0,87.28
2025-01-06,AMDâ†’Somnath,0.5942,0.5211,0.657,3,3,Keep As-Is,0,0.0,0.0,0.0,59.42
2025-01-07,AMDâ†’Somnath,0.6325,0.5648,0.7019,3,3,Keep As-Is,0,0.0,0.0,0.0,63.25
2025-01-08,AMDâ†’Somnath,0.5983,0.5277,0.6678,3,3,Keep As-Is,0,0.0,0.0,0.0,59.83
2025-01-09,AMDâ†’Somnath,0.6165,0.5521,0.6915,3,3,Keep As-Is,0,0.0,0.0,0.0,61.65
2025-01-10,AMDâ†’Somnath,0.6831,0.6148,0.7471,3,3,Keep As-Is,0,0.0,0.0,0.0,68.31
2025-01-11,AMDâ†’Somnath,0.8547,0.7856,0.9239,3,4,Add 1 Bus,1,21023.0,13528.0,7495.0,85.47
2025-01-12,AMDâ†’Somnath,0.8267,0.7562,0.8899,3,4,Add 1 Bus,1,20334.0,13528.0,6806.0,82.67
2025-01-13,AMDâ†’Somnath,0.5937,0.5249,0.6584,3,3,Keep As-Is,0,0.0,0.0,0.0,59.37
2025-01-14,AMDâ†’Somnath,0.5795,0.5115,0.6527,3,3,Keep As-Is,0,0.0,0.0,0.0,57.95
2025-01-15,AMDâ†’Somnath,0.877,0.8052,0.9443,3,4,Add 1 Bus,1,21571.0,13528.0,8043.0,87.7
2025-01-16,AMDâ†’Somnath,0.5889,0.5158,0.6585,3,3,Keep As-Is,0,0.0,0.0,0.0,58.89
2025-01-17,AMDâ†’Somnath,0.7141,0.648,0.7864,3,3,Keep As-Is,0,0.0,0.0,0.0,71.41
2025-01-18,AMDâ†’Somnath,0.8536,0.789,0.9178,3,4,Add 1 Bus,1,20996.0,13528.0,7468.0,85.36
2025-01-19,AMDâ†’Somnath,0.8483,0.7801,0.9139,3,4,Add 1 Bus,1,20865.0,13528.0,7337.0,84.83
2025-01-20,AMDâ†’Somnath,0.6177,0.5501,0.6814,3,3,Keep As-Is,0,0.0,0.0,0.0,61.77
2025-01-21,AMDâ†’Somnath,0.5517,0.4819,0.6192,3,3,Keep As-Is,0,0.0,0.0,0.0,55.17
2025-01-22,AMDâ†’Somnath,0.565,0.5017,0.6367,3,3,Keep As-Is,0,0.0,0.0,0.0,56.5
2025-01-23,AMDâ†’Somnath,0.6577,0.5959,0.7267,3,3,Keep As-Is,0,0.0,0.0,0.0,65.77
2025-01-24,AMDâ†’Somnath,0.6686,0.6042,0.7349,3,3,Keep As-Is,0,0.0,0.0,0.0,66.86
2025-01-25,AMDâ†’Somnath,0.8665,0.796,0.9332,3,4,Add 1 Bus,1,21313.0,13528.0,7785.0,86.65
2025-01-26,AMDâ†’Somnath,0.8401,0.7725,0.9076,3,4,Add 1 Bus,1,20663.0,13528.0,7135.0,84.01
2025-01-27,AMDâ†’Somnath,0.6517,0.5782,0.7178,3,3,Keep As-Is,0,0.0,0.0,0.0,65.17
2025-01-28,AMDâ†’Somnath,0.6158,0.5483,0.6829,3,3,Keep As-Is,0,0.0,0.0,0.0,61.58
2025-01-29,AMDâ†’Somnath,0.5644,0.4964,0.6354,3,3,Keep As-Is,0,0.0,0.0,0.0,56.44
2025-01-30,AMDâ†’Somnath,0.6322,0.5626,0.7042,3,3,Keep As-Is,0,0.0,0.0,0.0,63.22
2025-01-31,AMDâ†’Somnath,0.6902,0.6236,0.7531,3,3,Keep As-Is,0,0.0,0.0,0.0,69.02
2025-02-01,AMDâ†’Somnath,0.8399,0.771,0.9103,3,4,Add 1 Bus,1,20659.0,13528.0,7131.0,83.99
2025-02-02,AMDâ†’Somnath,0.8251,0.7595,0.891,3,4,Add 1 Bus,1,20295.0,13528.0,6767.0,82.51
2025-02-03,AMDâ†’Somnath,0.5477,0.4835,0.6168,3,3,Keep As-Is,0,0.0,0.0,0.0,54.77
2025-02-04,AMDâ†’Somnath,0.5358,0.4687,0.6038,3,3,Keep As-Is,0,0.0,0.0,0.0,53.58
2025-02-05,AMDâ†’Somnath,0.5686,0.5009,0.6377,3,3,Keep As-Is,0,0.0,0.0,0.0,56.86
2025-02-06,AMDâ†’Somnath,0.6029,0.5379,0.6698,3,3,Keep As-Is,0,0.0,0.0,0.0,60.29
2025-02-07,AMDâ†’Somnath,0.6822,0.6128,0.7476,3,3,Keep As-Is,0,0.0,0.0,0.0,68.22
2025-02-08,AMDâ†’Somnath,0.8333,0.7639,0.9007,3,4,Add 1 Bus,1,20496.0,13528.0,6968.0,83.33
2025-02-09,AMDâ†’Somnath,0.8198,0.7499,0.8849,3,4,Add 1 Bus,1,20164.0,13528.0,6636.0,81.98
2025-02-10,AMDâ†’Somnath,0.5439,0.4753,0.6087,3,3,Keep As-Is,0,0.0,0.0,0.0,54.39
2025-02-11,AMDâ†’Somnath,0.5333,0.469,0.6025,3,3,Keep As-Is,0,0.0,0.0,0.0,53.33
2025-02-12,AMDâ†’Somnath,0.5674,0.5003,0.6357,3,3,Keep As-Is,0,0.0,0.0,0.0,56.74
2025-02-13,AMDâ†’Somnath,0.6029,0.536,0.6692,3,3,Keep As-Is,0,0.0,0.0,0.0,60.29
2025-02-14,AMDâ†’Somnath,0.6835,0.6127,0.7502,3,3,Keep As-Is,0,0.0,0.0,0.0,68.35
2025-02-15,AMDâ†’Somnath,0.8357,0.7626,0.9081,3,4,Add 1 Bus,1,20555.0,13528.0,7027.0,83.57
2025-02-16,AMDâ†’Somnath,0.8232,0.7519,0.8922,3,4,Add 1 Bus,1,20248.0,13528.0,6720.0,82.32
2025-02-17,AMDâ†’Somnath,0.5482,0.4816,0.6146,3,3,Keep As-Is,0,0.0,0.0,0.0,54.82
2025-02-18,AMDâ†’Somnath,0.5384,0.4697,0.6049,3,3,Keep As-Is,0,0.0,0.0,0.0,53.84
2025-02-19,AMDâ†’Somnath,0.5733,0.5057,0.6417,3,3,Keep As-Is,0,0.0,0.0,0.0,57.33
2025-02-20,AMDâ†’Somnath,0.6095,0.5423,0.6752,3,3,Keep As-Is,0,0.0,0.0,0.0,60.95
2025-02-21,AMDâ†’Somnath,0.6905,0.6275,0.7601,3,3,Keep As-Is,0,0.0,0.0,0.0,69.05
2025-02-22,AMDâ†’Somnath,0.8433,0.7733,0.911,3,4,Add 1 Bus,1,20742.0,13528.0,7214.0,84.33
2025-02-23,AMDâ†’Somnath,0.8312,0.762,0.896,3,4,Add 1 Bus,1,20445.0,13528.0,6917.0,83.12
2025-02-24,AMDâ†’Somnath,0.5566,0.4872,0.6214,3,3,Keep As-Is,0,0.0,0.0,0.0,55.66
2025-02-25,AMDâ†’Somnath,0.5471,0.4789,0.614,3,3,Keep As-Is,0,0.0,0.0,0.0,54.71
2025-02-26,AMDâ†’Somnath,0.5823,0.5149,0.6502,3,3,Keep As-Is,0,0.0,0.0,0.0,58.23
2025-02-27,AMDâ†’Somnath,0.6187,0.5528,0.6916,3,3,Keep As-Is,0,0.0,0.0,0.0,61.87
2025-02-28,AMDâ†’Somnath,0.6999,0.6316,0.7641,3,3,Keep As-Is,0,0.0,0.0,0.0,69.99
2025-03-01,AMDâ†’Somnath,0.8528,0.7841,0.9215,3,4,Add 1 Bus,1,20976.0,13528.0,7448.0,85.28
2025-03-02,AMDâ†’Somnath,0.8408,0.7764,0.907,3,4,Add 1 Bus,1,20681.0,13528.0,7153.0,84.08
2025-03-03,AMDâ†’Somnath,0.5663,0.4977,0.6345,3,3,Keep As-Is,0,0.0,0.0,0.0,56.63
2025-03-04,AMDâ†’Somnath,0.5569,0.4911,0.6223,3,3,Keep As-Is,0,0.0,0.0,0.0,55.69
2025-03-05,AMDâ†’Somnath,0.592,0.5224,0.6629,3,3,Keep As-Is,0,0.0,0.0,0.0,59.2
2025-03-06,AMDâ†’Somnath,0.6284,0.5604,0.6953,3,3,Keep As-Is,0,0.0,0.0,0.0,62.84
2025-03-07,AMDâ†’Somnath,0.7096,0.6425,0.7785,3,3,Keep As-Is,0,0.0,0.0,0.0,70.96
2025-03-08,AMDâ†’Somnath,0.8623,0.7962,0.9343,3,4,Add 1 Bus,1,21210.0,13528.0,7682.0,86.23
2025-03-09,AMDâ†’Somnath,0.8502,0.7801,0.9201,3,4,Add 1 Bus,1,20912.0,13528.0,7384.0,85.02
2025-03-10,AMDâ†’Somnath,0.5753,0.5103,0.6412,3,3,Keep As-Is,0,0.0,0.0,0.0,57.53
2025-03-11,AMDâ†’Somnath,0.5656,0.4973,0.6351,3,3,Keep As-Is,0,0.0,0.0,0.0,56.56
2025-03-12,AMDâ†’Somnath,0.6003,0.5363,0.6685,3,3,Keep As-Is,0,0.0,0.0,0.0,60.03
2025-03-13,AMDâ†’Somnath,0.6362,0.5644,0.7033,3,3,Keep As-Is,0,0.0,0.0,0.0,63.62
2025-03-14,AMDâ†’Somnath,0.7167,0.6439,0.7881,3,3,Keep As-Is,0,0.0,0.0,0.0,71.67
2025-03-15,AMDâ†’Somnath,0.8688,0.8002,0.932,3,4,Add 1 Bus,1,21369.0,13528.0,7841.0,86.88
2025-03-16,AMDâ†’Somnath,0.8558,0.7904,0.9197,3,4,Add 1 Bus,1,21050.0,13528.0,7522.0,85.58
2025-03-17,AMDâ†’Somnath,0.5801,0.5115,0.6486,3,3,Keep As-Is,0,0.0,0.0,0.0,58.01
2025-03-18,AMDâ†’Somnath,0.5694,0.5012,0.6369,3,3,Keep As-Is,0,0.0,0.0,0.0,56.94
2025-03-19,AMDâ†’Somnath,0.6031,0.5372,0.6666,3,3,Keep As-Is,0,0.0,0.0,0.0,60.31
2025-03-20,AMDâ†’Somnath,0.6378,0.5706,0.7042,3,3,Keep As-Is,0,0.0,0.0,0.0,63.78
2025-03-21,AMDâ†’Somnath,0.7172,0.6482,0.7832,3,3,Keep As-Is,0,0.0,0.0,0.0,71.72
2025-03-22,AMDâ†’Somnath,0.8679,0.8021,0.9387,3,4,Add 1 Bus,1,21347.0,13528.0,7819.0,86.79
2025-03-23,AMDâ†’Somnath,0.8537,0.786,0.9258,3,4,Add 1 Bus,1,20998.0,13528.0,7470.0,85.37
2025-03-24,AMDâ†’Somnath,0.5766,0.5033,0.6404,3,3,Keep As-Is,0,0.0,0.0,0.0,57.66
2025-03-25,AMDâ†’Somnath,0.5646,0.4982,0.6308,3,3,Keep As-Is,0,0.0,0.0,0.0,56.46
2025-03-26,AMDâ†’Somnath,0.5969,0.5271,0.6716,3,3,Keep As-Is,0,0.0,0.0,0.0,59.69
2025-03-27,AMDâ†’Somnath,0.6303,0.5593,0.6988,3,3,Keep As-Is,0,0.0,0.0,0.0,63.03
2025-03-28,AMDâ†’Somnath,0.7084,0.6423,0.7787,3,3,Keep As-Is,0,0.0,0.0,0.0,70.84
2025-03-29,AMDâ†’Somnath,0.858,0.7949,0.9292,3,4,Add 1 Bus,1,21104.0,13528.0,7576.0,85.8
2025-03-30,AMDâ†’Somnath,0.8427,0.7686,0.9112,3,4,Add 1 Bus,1,20727.0,13528.0,7199.0,84.27
2025-03-31,AMDâ†’Somnath,0.5647,0.4951,0.6327,3,3,Keep As-Is,0,0.0,0.0,0.0,56.47
2025-01-01,AMDâ†’Surat,1.0,0.9474,1.0,8,10,Add 2 Buses,2,31779.0,19856.0,11923.0,100.0
2025-01-02,AMDâ†’Surat,0.7178,0.6525,0.7846,8,8,Keep As-Is,0,0.0,0.0,0.0,71.78
2025-01-03,AMDâ†’Surat,0.7853,0.7109,0.8514,8,8,Keep As-Is,0,0.0,0.0,0.0,78.53
2025-01-04,AMDâ†’Surat,0.9199,0.8535,0.988,8,9,Add 1 Bus,1,14617.0,9928.0,4689.0,91.99
2025-01-05,AMDâ†’Surat,0.9443,0.8767,1.0,8,10,Add 2 Buses,2,30009.0,19856.0,10153.0,94.43
2025-01-06,AMDâ†’Surat,0.7175,0.6536,0.7797,8,8,Keep As-Is,0,0.0,0.0,0.0,71.75
2025-01-07,AMDâ†’Surat,0.696,0.6283,0.7666,8,8,Keep As-Is,0,0.0,0.0,0.0,69.6
2025-01-08,AMDâ†’Surat,0.6751,0.6099,0.7459,8,8,Keep As-Is,0,0.0,0.0,0.0,67.51
2025-01-09,AMDâ†’Surat,0.7101,0.6373,0.7754,8,8,Keep As-Is,0,0.0,0.0,0.0,71.01
2025-01-10,AMDâ†’Surat,0.7875,0.7195,0.8555,8,8,Keep As-Is,0,0.0,0.0,0.0,78.75
2025-01-11,AMDâ†’Surat,0.9402,0.8691,1.0,8,10,Add 2 Buses,2,29879.0,19856.0,10023.0,94.02
2025-01-12,AMDâ†’Surat,0.9363,0.8646,0.9976,8,10,Add 2 Buses,2,29755.0,19856.0,9899.0,93.63
2025-01-13,AMDâ†’Surat,0.7172,0.6571,0.7906,8,8,Keep As-Is,0,0.0,0.0,0.0,71.72
2025-01-14,AMDâ†’Surat,0.6697,0.5995,0.7375,8,8,Keep As-Is,0,0.0,0.0,0.0,66.97
2025-01-15,AMDâ†’Surat,1.0,0.9454,1.0,8,10,Add 2 Buses,2,31779.0,19856.0,11923.0,100.0
2025-01-16,AMDâ†’Surat,0.7043,0.6363,0.7718,8,8,Keep As-Is,0,0.0,0.0,0.0,70.43
2025-01-17,AMDâ†’Surat,0.7849,0.7138,0.8487,8,8,Keep As-Is,0,0.0,0.0,0.0,78.49
2025-01-18,AMDâ†’Surat,0.9274,0.8635,0.9956,8,10,Add 2 Buses,2,29472.0,19856.0,9616.0,92.74
2025-01-19,AMDâ†’Surat,0.9369,0.8715,1.0,8,10,Add 2 Buses,2,29774.0,19856.0,9918.0,93.69
2025-01-20,AMDâ†’Surat,0.7073,0.6377,0.7755,8,8,Keep As-Is,0,0.0,0.0,0.0,70.73
2025-01-21,AMDâ†’Surat,0.7062,0.6432,0.774,8,8,Keep As-Is,0,0.0,0.0,0.0,70.62
2025-01-22,AMDâ†’Surat,0.7019,0.6346,0.7683,8,8,Keep As-Is,0,0.0,0.0,0.0,70.19
2025-01-23,AMDâ†’Surat,0.7113,0.6452,0.7752,8,8,Keep As-Is,0,0.0,0.0,0.0,71.13
2025-01-24,AMDâ†’Surat,0.7974,0.7349,0.8638,8,8,Keep As-Is,0,0.0,0.0,0.0,79.74
2025-01-25,AMDâ†’Surat,0.9037,0.8347,0.9727,8,9,Add 1 Bus,1,14359.0,9928.0,4431.0,90.37
2025-01-26,AMDâ†’Surat,0.9398,0.873,1.0,8,10,Add 2 Buses,2,29866.0,19856.0,10010.0,93.98
2025-01-27,AMDâ†’Surat,0.7027,0.637,0.7662,8,8,Keep As-Is,0,0.0,0.0,0.0,70.27
2025-01-28,AMDâ†’Surat,0.6966,0.631,0.7615,8,8,Keep As-Is,0,0.0,0.0,0.0,69.66
2025-01-29,AMDâ†’Surat,0.6961,0.6288,0.7642,8,8,Keep As-Is,0,0.0,0.0,0.0,69.61
2025-01-30,AMDâ†’Surat,0.7003,0.6276,0.7637,8,8,Keep As-Is,0,0.0,0.0,0.0,70.03
2025-01-31,AMDâ†’Surat,0.8044,0.7416,0.8691,8,9,Add 1 Bus,1,12782.0,9928.0,2854.0,80.44
2025-02-01,AMDâ†’Surat,0.9301,0.8628,0.9952,8,10,Add 2 Buses,2,29558.0,19856.0,9702.0,93.01
2025-02-02,AMDâ†’Surat,0.9208,0.8522,0.9851,8,10,Add 2 Buses,2,29262.0,19856.0,9406.0,92.08
2025-02-03,AMDâ†’Surat,0.6499,0.582,0.7209,8,8,Keep As-Is,0,0.0,0.0,0.0,64.99
2025-02-04,AMDâ†’Surat,0.6332,0.5683,0.7005,8,8,Keep As-Is,0,0.0,0.0,0.0,63.32
2025-02-05,AMDâ†’Surat,0.67,0.6034,0.7384,8,8,Keep As-Is,0,0.0,0.0,0.0,67.0
2025-02-06,AMDâ†’Surat,0.7043,0.6398,0.7684,8,8,Keep As-Is,0,0.0,0.0,0.0,70.43
2025-02-07,AMDâ†’Surat,0.7924,0.7219,0.8624,8,8,Keep As-Is,0,0.0,0.0,0.0,79.24
2025-02-08,AMDâ†’Surat,0.9189,0.8532,0.9908,8,9,Add 1 Bus,1,14601.0,9928.0,4673.0,91.89
2025-02-09,AMDâ†’Surat,0.9106,0.8445,0.977,8,9,Add 1 Bus,1,14469.0,9928.0,4541.0,91.06
2025-02-10,AMDâ†’Surat,0.6409,0.5767,0.7086,8,8,Keep As-Is,0,0.0,0.0,0.0,64.09
2025-02-11,AMDâ†’Surat,0.6255,0.5618,0.6969,8,8,Keep As-Is,0,0.0,0.0,0.0,62.55
2025-02-12,AMDâ†’Surat,0.6637,0.6,0.7299,8,8,Keep As-Is,0,0.0,0.0,0.0,66.37
2025-02-13,AMDâ†’Surat,0.6995,0.6288,0.7688,8,8,Keep As-Is,0,0.0,0.0,0.0,69.95
2025-02-14,AMDâ†’Surat,0.7891,0.7208,0.8565,8,8,Keep As-Is,0,0.0,0.0,0.0,78.91
2025-02-15,AMDâ†’Surat,0.9172,0.8524,0.98,8,9,Add 1 Bus,1,14574.0,9928.0,4646.0,91.72
2025-02-16,AMDâ†’Surat,0.9105,0.8438,0.9815,8,9,Add 1 Bus,1,14468.0,9928.0,4540.0,91.05
2025-02-17,AMDâ†’Surat,0.6424,0.5722,0.7098,8,8,Keep As-Is,0,0.0,0.0,0.0,64.24
2025-02-18,AMDâ†’Surat,0.6284,0.5593,0.7021,8,8,Keep As-Is,0,0.0,0.0,0.0,62.84
2025-02-19,AMDâ†’Surat,0.6681,0.5996,0.741,8,8,Keep As-Is,0,0.0,0.0,0.0,66.81
2025-02-20,AMDâ†’Surat,0.7051,0.6367,0.7754,8,8,Keep As-Is,0,0.0,0.0,0.0,70.51
2025-02-21,AMDâ†’Surat,0.7959,0.7283,0.8647,8,8,Keep As-Is,0,0.0,0.0,0.0,79.59
2025-02-22,AMDâ†’Surat,0.925,0.8578,0.9878,8,10,Add 2 Buses,2,29396.0,19856.0,9540.0,92.5
2025-02-23,AMDâ†’Surat,0.9191,0.8501,0.9877,8,9,Add 1 Bus,1,14604.0,9928.0,4676.0,91.91
2025-02-24,AMDâ†’Surat,0.6517,0.5863,0.7188,8,8,Keep As-Is,0,0.0,0.0,0.0,65.17
2025-02-25,AMDâ†’Surat,0.6383,0.5714,0.7029,8,8,Keep As-Is,0,0.0,0.0,0.0,63.83
2025-02-26,AMDâ†’Surat,0.6781,0.6155,0.7469,8,8,Keep As-Is,0,0.0,0.0,0.0,67.81
2025-02-27,AMDâ†’Surat,0.7153,0.6531,0.7854,8,8,Keep As-Is,0,0.0,0.0,0.0,71.53
2025-02-28,AMDâ†’Surat,0.806,0.7346,0.873,8,9,Add 1 Bus,1,12807.0,9928.0,2879.0,80.6
2025-03-01,AMDâ†’Surat,0.9349,0.8697,1.0,8,10,Add 2 Buses,2,29710.0,19856.0,9854.0,93.49
2025-03-02,AMDâ†’Surat,0.9286,0.8567,0.9953,8,10,Add 2 Buses,2,29510.0,19856.0,9654.0,92.86
2025-03-03,AMDâ†’Surat,0.6606,0.5943,0.727,8,8,Keep As-Is,0,0.0,0.0,0.0,66.06
2025-03-04,AMDâ†’Surat,0.6466,0.5767,0.7126,8,8,Keep As-Is,0,0.0,0.0,0.0,64.66
2025-03-05,AMDâ†’Surat,0.6857,0.6218,0.7545,8,8,Keep As-Is,0,0.0,0.0,0.0,68.57
2025-03-06,AMDâ†’Surat,0.7221,0.6529,0.786,8,8,Keep As-Is,0,0.0,0.0,0.0,72.21
2025-03-07,AMDâ†’Surat,0.812,0.7426,0.8787,8,9,Add 1 Bus,1,12902.0,9928.0,2974.0,81.2
2025-03-08,AMDâ†’Surat,0.94,0.8734,1.0,8,10,Add 2 Buses,2,29872.0,19856.0,10016.0,94.0
2025-03-09,AMDâ†’Surat,0.9329,0.8614,0.9998,8,10,Add 2 Buses,2,29647.0,19856.0,9791.0,93.29
2025-03-10,AMDâ†’Surat,0.6643,0.595,0.7318,8,8,Keep As-Is,0,0.0,0.0,0.0,66.43
2025-03-11,AMDâ†’Surat,0.6495,0.5811,0.7141,8,8,Keep As-Is,0,0.0,0.0,0.0,64.95
2025-03-12,AMDâ†’Surat,0.6881,0.624,0.7488,8,8,Keep As-Is,0,0.0,0.0,0.0,68.81
2025-03-13,AMDâ†’Surat,0.7239,0.6606,0.79,8,8,Keep As-Is,0,0.0,0.0,0.0,72.39
2025-03-14,AMDâ†’Surat,0.8134,0.7481,0.8797,8,9,Add 1 Bus,1,12925.0,9928.0,2997.0,81.34
2025-03-15,AMDâ†’Surat,0.9411,0.8703,1.0,8,10,Add 2 Buses,2,29907.0,19856.0,10051.0,94.11
2025-03-16,AMDâ†’Surat,0.9338,0.8652,0.9998,8,10,Add 2 Buses,2,29675.0,19856.0,9819.0,93.38
2025-03-17,AMDâ†’Surat,0.665,0.5989,0.7314,8,8,Keep As-Is,0,0.0,0.0,0.0,66.5
2025-03-18,AMDâ†’Surat,0.6503,0.5836,0.7188,8,8,Keep As-Is,0,0.0,0.0,0.0,65.03
2025-03-19,AMDâ†’Surat,0.6889,0.6208,0.759,8,8,Keep As-Is,0,0.0,0.0,0.0,68.89
2025-03-20,AMDâ†’Surat,0.7249,0.6587,0.795,8,8,Keep As-Is,0,0.0,0.0,0.0,72.49
2025-03-21,AMDâ†’Surat,0.8144,0.7502,0.8776,8,9,Add 1 Bus,1,12941.0,9928.0,3013.0,81.44
2025-03-22,AMDâ†’Surat,0.9423,0.8755,1.0,8,10,Add 2 Buses,2,29946.0,19856.0,10090.0,94.23
2025-03-23,AMDâ†’Surat,0.9352,0.87,1.0,8,10,Add 2 Buses,2,29720.0,19856.0,9864.0,93.52
2025-03-24,AMDâ†’Surat,0.6666,0.6045,0.7387,8,8,Keep As-Is,0,0.0,0.0,0.0,66.66
2025-03-25,AMDâ†’Surat,0.652,0.5837,0.7236,8,8,Keep As-Is,0,0.0,0.0,0.0,65.2
2025-03-26,AMDâ†’Surat,0.6906,0.6284,0.7556,8,8,Keep As-Is,0,0.0,0.0,0.0,69.06
2025-03-27,AMDâ†’Surat,0.7265,0.6601,0.7945,8,8,Keep As-Is,0,0.0,0.0,0.0,72.65
2025-03-28,AMDâ†’Surat,0.8159,0.7493,0.8829,8,9,Add 1 Bus,1,12964.0,9928.0,3036.0,81.59
2025-03-29,AMDâ†’Surat,0.9435,0.8738,1.0,8,10,Add 2 Buses,2,29984.0,19856.0,10128.0,94.35
2025-03-30,AMDâ†’Surat,0.936,0.8736,1.0,8,10,Add 2 Buses,2,29745.0,19856.0,9889.0,93.6
2025-03-31,AMDâ†’Surat,0.6669,0.5996,0.7337,8,8,Keep As-Is,0,0.0,0.0,0.0,66.69
2025-01-01,AMDâ†’Vadodara,1.0,0.9624,1.0,10,12,Add 2 Buses,2,13072.0,9542.0,3530.0,100.0
2025-01-02,AMDâ†’Vadodara,0.7254,0.6594,0.7921,10,10,Keep As-Is,0,0.0,0.0,0.0,72.54
2025-01-03,AMDâ†’Vadodara,0.8031,0.739,0.8677,10,11,Add 1 Bus,1,5249.0,4771.0,478.0,80.31
2025-01-04,AMDâ†’Vadodara,0.9527,0.8828,1.0,10,12,Add 2 Buses,2,12454.0,9542.0,2912.0,95.27
2025-01-05,AMDâ†’Vadodara,0.9412,0.8723,1.0,10,12,Add 2 Buses,2,12303.0,9542.0,2761.0,94.12
2025-01-06,AMDâ†’Vadodara,0.7216,0.6549,0.7854,10,10,Keep As-Is,0,0.0,0.0,0.0,72.16
2025-01-07,AMDâ†’Vadodara,0.7127,0.6466,0.7851,10,10,Keep As-Is,0,0.0,0.0,0.0,71.27
2025-01-08,AMDâ†’Vadodara,0.6768,0.6087,0.7431,10,10,Keep As-Is,0,0.0,0.0,0.0,67.68
2025-01-09,AMDâ†’Vadodara,0.6966,0.6278,0.7598,10,10,Keep As-Is,0,0.0,0.0,0.0,69.66
2025-01-10,AMDâ†’Vadodara,0.7977,0.732,0.8648,10,10,Keep As-Is,0,0.0,0.0,0.0,79.77
2025-01-11,AMDâ†’Vadodara,0.9198,0.8581,0.9851,10,11,Add 1 Bus,1,6012.0,4771.0,1241.0,91.98
2025-01-12,AMDâ†’Vadodara,0.9392,0.8713,1.0,10,12,Add 2 Buses,2,12277.0,9542.0,2735.0,93.92
2025-01-13,AMDâ†’Vadodara,0.7169,0.6445,0.7809,10,10,Keep As-Is,0,0.0,0.0,0.0,71.69
2025-01-14,AMDâ†’Vadodara,0.6744,0.6047,0.7403,10,10,Keep As-Is,0,0.0,0.0,0.0,67.44
2025-01-15,AMDâ†’Vadodara,1.0,0.9308,1.0,10,12,Add 2 Buses,2,13072.0,9542.0,3530.0,100.0
2025-01-16,AMDâ†’Vadodara,0.7325,0.6677,0.7954,10,10,Keep As-Is,0,0.0,0.0,0.0,73.25
2025-01-17,AMDâ†’Vadodara,0.7924,0.7292,0.8607,10,10,Keep As-Is,0,0.0,0.0,0.0,79.24
2025-01-18,AMDâ†’Vadodara,0.9352,0.8695,0.9991,10,12,Add 2 Buses,2,12225.0,9542.0,2683.0,93.52
2025-01-19,AMDâ†’Vadodara,0.9462,0.8813,1.0,10,12,Add 2 Buses,2,12369.0,9542.0,2827.0,94.62
2025-01-20,AMDâ†’Vadodara,0.7068,0.6445,0.7745,10,10,Keep As-Is,0,0.0,0.0,0.0,70.68
2025-01-21,AMDâ†’Vadodara,0.6986,0.6331,0.7645,10,10,Keep As-Is,0,0.0,0.0,0.0,69.86
2025-01-22,AMDâ†’Vadodara,0.7025,0.6351,0.7738,10,10,Keep As-Is,0,0.0,0.0,0.0,70.25
2025-01-23,AMDâ†’Vadodara,0.7166,0.6516,0.7858,10,10,Keep As-Is,0,0.0,0.0,0.0,71.66
2025-01-24,AMDâ†’Vadodara,0.8141,0.7506,0.8824,10,11,Add 1 Bus,1,5321.0,4771.0,550.0,81.41
2025-01-25,AMDâ†’Vadodara,0.9461,0.8769,1.0,10,12,Add 2 Buses,2,12367.0,9542.0,2825.0,94.61
2025-01-26,AMDâ†’Vadodara,0.9292,0.8652,0.9972,10,12,Add 2 Buses,2,12146.0,9542.0,2604.0,92.92
2025-01-27,AMDâ†’Vadodara,0.7147,0.6445,0.7809,10,10,Keep As-Is,0,0.0,0.0,0.0,71.47
2025-01-28,AMDâ†’Vadodara,0.6853,0.6163,0.7472,10,10,Keep As-Is,0,0.0,0.0,0.0,68.53
2025-01-29,AMDâ†’Vadodara,0.6751,0.6061,0.7455,10,10,Keep As-Is,0,0.0,0.0,0.0,67.51
2025-01-30,AMDâ†’Vadodara,0.7125,0.6462,0.7805,10,10,Keep As-Is,0,0.0,0.0,0.0,71.25
2025-01-31,AMDâ†’Vadodara,0.8119,0.7498,0.884,10,11,Add 1 Bus,1,5307.0,4771.0,536.0,81.19
2025-02-01,AMDâ†’Vadodara,0.9338,0.8702,1.0,10,12,Add 2 Buses,2,12207.0,9542.0,2665.0,93.38
2025-02-02,AMDâ†’Vadodara,0.9235,0.8577,0.99,10,12,Add 2 Buses,2,12072.0,9542.0,2530.0,92.35
2025-02-03,AMDâ†’Vadodara,0.6495,0.5824,0.718,10,10,Keep As-Is,0,0.0,0.0,0.0,64.95
2025-02-04,AMDâ†’Vadodara,0.6301,0.563,0.7012,10,10,Keep As-Is,0,0.0,0.0,0.0,63.01
2025-02-05,AMDâ†’Vadodara,0.6716,0.6091,0.7347,10,10,Keep As-Is,0,0.0,0.0,0.0,67.16
2025-02-06,AMDâ†’Vadodara,0.7021,0.6372,0.7676,10,10,Keep As-Is,0,0.0,0.0,0.0,70.21
2025-02-07,AMDâ†’Vadodara,0.7952,0.7329,0.8615,10,10,Keep As-Is,0,0.0,0.0,0.0,79.52
2025-02-08,AMDâ†’Vadodara,0.9184,0.8518,0.9797,10,11,Add 1 Bus,1,6003.0,4771.0,1232.0,91.84
2025-02-09,AMDâ†’Vadodara,0.9095,0.847,0.9802,10,11,Add 1 Bus,1,5944.0,4771.0,1173.0,90.95
2025-02-10,AMDâ†’Vadodara,0.6373,0.568,0.7038,10,10,Keep As-Is,0,0.0,0.0,0.0,63.73
2025-02-11,AMDâ†’Vadodara,0.6197,0.5525,0.6873,10,10,Keep As-Is,0,0.0,0.0,0.0,61.97
2025-02-12,AMDâ†’Vadodara,0.6631,0.5955,0.7271,10,10,Keep As-Is,0,0.0,0.0,0.0,66.31
2025-02-13,AMDâ†’Vadodara,0.6956,0.6286,0.7641,10,10,Keep As-Is,0,0.0,0.0,0.0,69.56
2025-02-14,AMDâ†’Vadodara,0.7908,0.7155,0.8573,10,10,Keep As-Is,0,0.0,0.0,0.0,79.08
2025-02-15,AMDâ†’Vadodara,0.9161,0.8525,0.9828,10,11,Add 1 Bus,1,5988.0,4771.0,1217.0,91.61
2025-02-16,AMDâ†’Vadodara,0.9093,0.8462,0.9795,10,11,Add 1 Bus,1,5943.0,4771.0,1172.0,90.93
2025-02-17,AMDâ†’Vadodara,0.639,0.579,0.7074,10,10,Keep As-Is,0,0.0,0.0,0.0,63.9
2025-02-18,AMDâ†’Vadodara,0.6233,0.5555,0.6896,10,10,Keep As-Is,0,0.0,0.0,0.0,62.33
2025-02-19,AMDâ†’Vadodara,0.6685,0.5999,0.7351,10,10,Keep As-Is,0,0.0,0.0,0.0,66.85
2025-02-20,AMDâ†’Vadodara,0.7026,0.6325,0.7687,10,10,Keep As-Is,0,0.0,0.0,0.0,70.26
2025-02-21,AMDâ†’Vadodara,0.7991,0.7376,0.8633,10,10,Keep As-Is,0,0.0,0.0,0.0,79.91
2025-02-22,AMDâ†’Vadodara,0.9255,0.8625,0.9895,10,12,Add 2 Buses,2,12098.0,9542.0,2556.0,92.55
2025-02-23,AMDâ†’Vadodara,0.9197,0.8549,0.9874,10,11,Add 1 Bus,1,6011.0,4771.0,1240.0,91.97
2025-02-24,AMDâ†’Vadodara,0.6501,0.5798,0.7127,10,10,Keep As-Is,0,0.0,0.0,0.0,65.01
2025-02-25,AMDâ†’Vadodara,0.6349,0.5655,0.7004,10,10,Keep As-Is,0,0.0,0.0,0.0,63.49
2025-02-26,AMDâ†’Vadodara,0.6803,0.6127,0.7487,10,10,Keep As-Is,0,0.0,0.0,0.0,68.03
2025-02-27,AMDâ†’Vadodara,0.7144,0.6495,0.7813,10,10,Keep As-Is,0,0.0,0.0,0.0,71.44
2025-02-28,AMDâ†’Vadodara,0.8107,0.7413,0.8746,10,11,Add 1 Bus,1,5299.0,4771.0,528.0,81.07
2025-03-01,AMDâ†’Vadodara,0.9367,0.8691,1.0,10,12,Add 2 Buses,2,12244.0,9542.0,2702.0,93.67
2025-03-02,AMDâ†’Vadodara,0.9303,0.8654,1.0,10,12,Add 2 Buses,2,12161.0,9542.0,2619.0,93.03
2025-03-03,AMDâ†’Vadodara,0.6601,0.5949,0.7265,10,10,Keep As-Is,0,0.0,0.0,0.0,66.01
2025-03-04,AMDâ†’Vadodara,0.644,0.5727,0.7036,10,10,Keep As-Is,0,0.0,0.0,0.0,64.4
2025-03-05,AMDâ†’Vadodara,0.6886,0.6273,0.7571,10,10,Keep As-Is,0,0.0,0.0,0.0,68.86
2025-03-06,AMDâ†’Vadodara,0.7217,0.6543,0.7876,10,10,Keep As-Is,0,0.0,0.0,0.0,72.17
2025-03-07,AMDâ†’Vadodara,0.8172,0.7483,0.8824,10,11,Add 1 Bus,1,5341.0,4771.0,570.0,81.72
2025-03-08,AMDâ†’Vadodara,0.9422,0.8724,1.0,10,12,Add 2 Buses,2,12316.0,9542.0,2774.0,94.22
2025-03-09,AMDâ†’Vadodara,0.9349,0.8692,1.0,10,12,Add 2 Buses,2,12221.0,9542.0,2679.0,93.49
2025-03-10,AMDâ†’Vadodara,0.6639,0.6003,0.7358,10,10,Keep As-Is,0,0.0,0.0,0.0,66.39
2025-03-11,AMDâ†’Vadodara,0.6471,0.5779,0.7136,10,10,Keep As-Is,0,0.0,0.0,0.0,64.71
2025-03-12,AMDâ†’Vadodara,0.691,0.6237,0.7616,10,10,Keep As-Is,0,0.0,0.0,0.0,69.1
2025-03-13,AMDâ†’Vadodara,0.7236,0.658,0.7908,10,10,Keep As-Is,0,0.0,0.0,0.0,72.36
2025-03-14,AMDâ†’Vadodara,0.8186,0.7501,0.8875,10,11,Add 1 Bus,1,5350.0,4771.0,579.0,81.86
2025-03-15,AMDâ†’Vadodara,0.9433,0.8784,1.0,10,12,Add 2 Buses,2,12331.0,9542.0,2789.0,94.33
2025-03-16,AMDâ†’Vadodara,0.9358,0.8737,1.0,10,12,Add 2 Buses,2,12233.0,9542.0,2691.0,93.58
2025-03-17,AMDâ†’Vadodara,0.6647,0.5954,0.7327,10,10,Keep As-Is,0,0.0,0.0,0.0,66.47
2025-03-18,AMDâ†’Vadodara,0.6479,0.5877,0.7161,10,10,Keep As-Is,0,0.0,0.0,0.0,64.79
2025-03-19,AMDâ†’Vadodara,0.6919,0.627,0.7593,10,10,Keep As-Is,0,0.0,0.0,0.0,69.19
2025-03-20,AMDâ†’Vadodara,0.7246,0.6593,0.788,10,10,Keep As-Is,0,0.0,0.0,0.0,72.46
2025-03-21,AMDâ†’Vadodara,0.8197,0.7491,0.8784,10,11,Add 1 Bus,1,5358.0,4771.0,587.0,81.97
2025-03-22,AMDâ†’Vadodara,0.9446,0.8774,1.0,10,12,Add 2 Buses,2,12348.0,9542.0,2806.0,94.46
2025-03-23,AMDâ†’Vadodara,0.9373,0.8721,1.0,10,12,Add 2 Buses,2,12252.0,9542.0,2710.0,93.73
2025-03-24,AMDâ†’Vadodara,0.6662,0.6029,0.7334,10,10,Keep As-Is,0,0.0,0.0,0.0,66.62
2025-03-25,AMDâ†’Vadodara,0.6494,0.5803,0.7148,10,10,Keep As-Is,0,0.0,0.0,0.0,64.94
2025-03-26,AMDâ†’Vadodara,0.6933,0.6229,0.7576,10,10,Keep As-Is,0,0.0,0.0,0.0,69.33
2025-03-27,AMDâ†’Vadodara,0.7259,0.6599,0.7932,10,10,Keep As-Is,0,0.0,0.0,0.0,72.59
2025-03-28,AMDâ†’Vadodara,0.8207,0.7533,0.8854,10,11,Add 1 Bus,1,5364.0,4771.0,593.0,82.07
2025-03-29,AMDâ†’Vadodara,0.9451,0.8839,1.0,10,12,Add 2 Buses,2,12354.0,9542.0,2812.0,94.51
2025-03-30,AMDâ†’Vadodara,0.9372,0.8748,1.0,10,12,Add 2 Buses,2,12251.0,9542.0,2709.0,93.72
2025-03-31,AMDâ†’Vadodara,0.6655,0.6002,0.726,10,10,Keep As-Is,0,0.0,0.0,0.0,66.55
2025-01-01,Rajkotâ†’Surat,0.987,0.9198,1.0,4,6,Add 2 Buses,2,49942.0,25950.0,23992.0,98.7
2025-01-02,Rajkotâ†’Surat,0.6769,0.6125,0.7446,4,4,Keep As-Is,0,0.0,0.0,0.0,67.69
2025-01-03,Rajkotâ†’Surat,0.7484,0.6761,0.8143,4,4,Keep As-Is,0,0.0,0.0,0.0,74.84
2025-01-04,Rajkotâ†’Surat,0.8209,0.7519,0.8889,4,5,Add 1 Bus,1,20769.0,12975.0,7794.0,82.09
2025-01-05,Rajkotâ†’Surat,0.8559,0.7848,0.9214,4,5,Add 1 Bus,1,21654.0,12975.0,8679.0,85.59
2025-01-06,Rajkotâ†’Surat,0.6401,0.575,0.7048,4,4,Keep As-Is,0,0.0,0.0,0.0,64.01
2025-01-07,Rajkotâ†’Surat,0.5959,0.5253,0.6611,4,4,Keep As-Is,0,0.0,0.0,0.0,59.59
2025-01-08,Rajkotâ†’Surat,0.5826,0.519,0.6491,4,4,Keep As-Is,0,0.0,0.0,0.0,58.26
2025-01-09,Rajkotâ†’Surat,0.6039,0.536,0.6727,4,4,Keep As-Is,0,0.0,0.0,0.0,60.39
2025-01-10,Rajkotâ†’Surat,0.6782,0.6072,0.746,4,4,Keep As-Is,0,0.0,0.0,0.0,67.82
2025-01-11,Rajkotâ†’Surat,0.8365,0.7642,0.9064,4,5,Add 1 Bus,1,21163.0,12975.0,8188.0,83.65
2025-01-12,Rajkotâ†’Surat,0.8336,0.7669,0.9013,4,5,Add 1 Bus,1,21090.0,12975.0,8115.0,83.36
2025-01-13,Rajkotâ†’Surat,0.5711,0.5016,0.6409,4,4,Keep As-Is,0,0.0,0.0,0.0,57.11
2025-01-14,Rajkotâ†’Surat,0.5839,0.5196,0.6535,4,4,Keep As-Is,0,0.0,0.0,0.0,58.39
2025-01-15,Rajkotâ†’Surat,0.8864,0.8219,0.9522,4,5,Add 1 Bus,1,22426.0,12975.0,9451.0,88.64
2025-01-16,Rajkotâ†’Surat,0.5977,0.5307,0.6633,4,4,Keep As-Is,0,0.0,0.0,0.0,59.77
2025-01-17,Rajkotâ†’Surat,0.6798,0.6082,0.7471,4,4,Keep As-Is,0,0.0,0.0,0.0,67.98
2025-01-18,Rajkotâ†’Surat,0.8629,0.7946,0.9317,4,5,Add 1 Bus,1,21831.0,12975.0,8856.0,86.29
2025-01-19,Rajkotâ†’Surat,0.8412,0.7741,0.9109,4,5,Add 1 Bus,1,21282.0,12975.0,8307.0,84.12
2025-01-20,Rajkotâ†’Surat,0.5931,0.5232,0.6649,4,4,Keep As-Is,0,0.0,0.0,0.0,59.31
2025-01-21,Rajkotâ†’Surat,0.5512,0.486,0.6129,4,4,Keep As-Is,0,0.0,0.0,0.0,55.12
2025-01-22,Rajkotâ†’Surat,0.5537,0.4881,0.6248,4,4,Keep As-Is,0,0.0,0.0,0.0,55.37
2025-01-23,Rajkotâ†’Surat,0.6152,0.5469,0.6838,4,4,Keep As-Is,0,0.0,0.0,0.0,61.52
2025-01-24,Rajkotâ†’Surat,0.7372,0.6743,0.8053,4,4,Keep As-Is,0,0.0,0.0,0.0,73.72
2025-01-25,Rajkotâ†’Surat,0.8693,0.8003,0.9374,4,5,Add 1 Bus,1,21993.0,12975.0,9018.0,86.93
2025-01-26,Rajkotâ†’Surat,0.8132,0.7426,0.8798,4,5,Add 1 Bus,1,20574.0,12975.0,7599.0,81.32
2025-01-27,Rajkotâ†’Surat,0.5844,0.5176,0.6498,4,4,Keep As-Is,0,0.0,0.0,0.0,58.44
2025-01-28,Rajkotâ†’Surat,0.5814,0.514,0.6439,4,4,Keep As-Is,0,0.0,0.0,0.0,58.14
2025-01-29,Rajkotâ†’Surat,0.6012,0.5326,0.6678,4,4,Keep As-Is,0,0.0,0.0,0.0,60.12
2025-01-30,Rajkotâ†’Surat,0.6272,0.5571,0.6935,4,4,Keep As-Is,0,0.0,0.0,0.0,62.72
2025-01-31,Rajkotâ†’Surat,0.6983,0.6255,0.7674,4,4,Keep As-Is,0,0.0,0.0,0.0,69.83
2025-02-01,Rajkotâ†’Surat,0.8503,0.7818,0.9185,4,5,Add 1 Bus,1,21513.0,12975.0,8538.0,85.03
2025-02-02,Rajkotâ†’Surat,0.8307,0.7613,0.8943,4,5,Add 1 Bus,1,21017.0,12975.0,8042.0,83.07
2025-02-03,Rajkotâ†’Surat,0.5516,0.4863,0.621,4,4,Keep As-Is,0,0.0,0.0,0.0,55.16
2025-02-04,Rajkotâ†’Surat,0.5361,0.4666,0.6062,4,4,Keep As-Is,0,0.0,0.0,0.0,53.61
2025-02-05,Rajkotâ†’Surat,0.5762,0.5157,0.6443,4,4,Keep As-Is,0,0.0,0.0,0.0,57.62
2025-02-06,Rajkotâ†’Surat,0.6084,0.5409,0.6757,4,4,Keep As-Is,0,0.0,0.0,0.0,60.84
2025-02-07,Rajkotâ†’Surat,0.6865,0.6176,0.7515,4,4,Keep As-Is,0,0.0,0.0,0.0,68.65
2025-02-08,Rajkotâ†’Surat,0.8396,0.7763,0.9071,4,5,Add 1 Bus,1,21242.0,12975.0,8267.0,83.96
2025-02-09,Rajkotâ†’Surat,0.8213,0.7598,0.8862,4,5,Add 1 Bus,1,20779.0,12975.0,7804.0,82.13
2025-02-10,Rajkotâ†’Surat,0.5436,0.4807,0.6123,4,4,Keep As-Is,0,0.0,0.0,0.0,54.36
2025-02-11,Rajkotâ†’Surat,0.5295,0.4582,0.595,4,4,Keep As-Is,0,0.0,0.0,0.0,52.95
2025-02-12,Rajkotâ†’Surat,0.5712,0.5019,0.6365,4,4,Keep As-Is,0,0.0,0.0,0.0,57.12
2025-02-13,Rajkotâ†’Surat,0.6049,0.5406,0.6738,4,4,Keep As-Is,0,0.0,0.0,0.0,60.49
2025-02-14,Rajkotâ†’Surat,0.6846,0.6202,0.7511,4,4,Keep As-Is,0,0.0,0.0,0.0,68.46
2025-02-15,Rajkotâ†’Surat,0.8391,0.7745,0.903,4,5,Add 1 Bus,1,21229.0,12975.0,8254.0,83.91
2025-02-16,Rajkotâ†’Surat,0.8223,0.7583,0.8985,4,5,Add 1 Bus,1,20804.0,12975.0,7829.0,82.23
2025-02-17,Rajkotâ†’Surat,0.5458,0.4803,0.6184,4,4,Keep As-Is,0,0.0,0.0,0.0,54.58
2025-02-18,Rajkotâ†’Surat,0.533,0.4662,0.5952,4,4,Keep As-Is,0,0.0,0.0,0.0,53.3
2025-02-19,Rajkotâ†’Surat,0.5757,0.51,0.641,4,4,Keep As-Is,0,0.0,0.0,0.0,57.57
2025-02-20,Rajkotâ†’Surat,0.6103,0.5428,0.6763,4,4,Keep As-Is,0,0.0,0.0,0.0,61.03
2025-02-21,Rajkotâ†’Surat,0.6907,0.6247,0.7576,4,4,Keep As-Is,0,0.0,0.0,0.0,69.07
2025-02-22,Rajkotâ†’Surat,0.8458,0.7736,0.9155,4,5,Add 1 Bus,1,21399.0,12975.0,8424.0,84.58
2025-02-23,Rajkotâ†’Surat,0.8293,0.7631,0.8971,4,5,Add 1 Bus,1,20981.0,12975.0,8006.0,82.93
2025-02-24,Rajkotâ†’Surat,0.553,0.4858,0.6138,4,4,Keep As-Is,0,0.0,0.0,0.0,55.3
2025-02-25,Rajkotâ†’Surat,0.5402,0.4718,0.6146,4,4,Keep As-Is,0,0.0,0.0,0.0,54.02
2025-02-26,Rajkotâ†’Surat,0.5827,0.519,0.649,4,4,Keep As-Is,0,0.0,0.0,0.0,58.27
2025-02-27,Rajkotâ†’Surat,0.617,0.5474,0.6825,4,4,Keep As-Is,0,0.0,0.0,0.0,61.7
2025-02-28,Rajkotâ†’Surat,0.697,0.6301,0.7691,4,4,Keep As-Is,0,0.0,0.0,0.0,69.7
2025-03-01,Rajkotâ†’Surat,0.8516,0.7853,0.9197,4,5,Add 1 Bus,1,21545.0,12975.0,8570.0,85.16
2025-03-02,Rajkotâ†’Surat,0.8345,0.7711,0.8985,4,5,Add 1 Bus,1,21113.0,12975.0,8138.0,83.45
2025-03-03,Rajkotâ†’Surat,0.5576,0.4913,0.6238,4,4,Keep As-Is,0,0.0,0.0,0.0,55.76
2025-03-04,Rajkotâ†’Surat,0.544,0.4756,0.6079,4,4,Keep As-Is,0,0.0,0.0,0.0,54.4
2025-03-05,Rajkotâ†’Surat,0.5859,0.5134,0.6538,4,4,Keep As-Is,0,0.0,0.0,0.0,58.59
2025-03-06,Rajkotâ†’Surat,0.6195,0.5531,0.687,4,4,Keep As-Is,0,0.0,0.0,0.0,61.95
2025-03-07,Rajkotâ†’Surat,0.6988,0.6336,0.772,4,4,Keep As-Is,0,0.0,0.0,0.0,69.88
2025-03-08,Rajkotâ†’Surat,0.8528,0.7842,0.9213,4,5,Add 1 Bus,1,21576.0,12975.0,8601.0,85.28
2025-03-09,Rajkotâ†’Surat,0.8352,0.765,0.9044,4,5,Add 1 Bus,1,21130.0,12975.0,8155.0,83.52
2025-03-10,Rajkotâ†’Surat,0.5578,0.4915,0.6225,4,4,Keep As-Is,0,0.0,0.0,0.0,55.78
2025-03-11,Rajkotâ†’Surat,0.544,0.4808,0.6135,4,4,Keep As-Is,0,0.0,0.0,0.0,54.4
2025-03-12,Rajkotâ†’Surat,0.5856,0.5174,0.6507,4,4,Keep As-Is,0,0.0,0.0,0.0,58.56
2025-03-13,Rajkotâ†’Surat,0.6191,0.5516,0.6841,4,4,Keep As-Is,0,0.0,0.0,0.0,61.91
2025-03-14,Rajkotâ†’Surat,0.6985,0.6317,0.7707,4,4,Keep As-Is,0,0.0,0.0,0.0,69.85
2025-03-15,Rajkotâ†’Surat,0.8525,0.7859,0.9201,4,5,Add 1 Bus,1,21568.0,12975.0,8593.0,85.25
2025-03-16,Rajkotâ†’Surat,0.8351,0.7711,0.9014,4,5,Add 1 Bus,1,21128.0,12975.0,8153.0,83.51
2025-03-17,Rajkotâ†’Surat,0.5579,0.4868,0.6281,4,4,Keep As-Is,0,0.0,0.0,0.0,55.79
2025-03-18,Rajkotâ†’Surat,0.5444,0.4738,0.6106,4,4,Keep As-Is,0,0.0,0.0,0.0,54.44
2025-03-19,Rajkotâ†’Surat,0.5863,0.5198,0.6549,4,4,Keep As-Is,0,0.0,0.0,0.0,58.63
2025-03-20,Rajkotâ†’Surat,0.6202,0.551,0.6963,4,4,Keep As-Is,0,0.0,0.0,0.0,62.02
2025-03-21,Rajkotâ†’Surat,0.6998,0.6318,0.7657,4,4,Keep As-Is,0,0.0,0.0,0.0,69.98
2025-03-22,Rajkotâ†’Surat,0.8542,0.7914,0.9215,4,5,Add 1 Bus,1,21611.0,12975.0,8636.0,85.42
2025-03-23,Rajkotâ†’Surat,0.837,0.7697,0.9045,4,5,Add 1 Bus,1,21176.0,12975.0,8201.0,83.7
2025-03-24,Rajkotâ†’Surat,0.56,0.4958,0.6248,4,4,Keep As-Is,0,0.0,0.0,0.0,56.0
2025-03-25,Rajkotâ†’Surat,0.5465,0.4823,0.6142,4,4,Keep As-Is,0,0.0,0.0,0.0,54.65
2025-03-26,Rajkotâ†’Surat,0.5884,0.5214,0.6496,4,4,Keep As-Is,0,0.0,0.0,0.0,58.84
2025-03-27,Rajkotâ†’Surat,0.6221,0.5549,0.6928,4,4,Keep As-Is,0,0.0,0.0,0.0,62.21
2025-03-28,Rajkotâ†’Surat,0.7015,0.6339,0.763,4,4,Keep As-Is,0,0.0,0.0,0.0,70.15
2025-03-29,Rajkotâ†’Surat,0.8555,0.7868,0.9255,4,5,Add 1 Bus,1,21644.0,12975.0,8669.0,85.55
2025-03-30,Rajkotâ†’Surat,0.8378,0.7708,0.9034,4,5,Add 1 Bus,1,21196.0,12975.0,8221.0,83.78
2025-03-31,Rajkotâ†’Surat,0.5601,0.4925,0.6225,4,4,Keep As-Is,0,0.0,0.0,0.0,56.01
2025-01-01,Suratâ†’Vadodara,0.924,0.8634,0.9854,5,7,Add 2 Buses,2,14816.0,11396.0,3420.0,92.4
2025-01-02,Suratâ†’Vadodara,0.6116,0.5472,0.6776,5,5,Keep As-Is,0,0.0,0.0,0.0,61.16
2025-01-03,Suratâ†’Vadodara,0.7071,0.6375,0.7714,5,5,Keep As-Is,0,0.0,0.0,0.0,70.71
2025-01-04,Suratâ†’Vadodara,0.8448,0.7788,0.9121,5,6,Add 1 Bus,1,6773.0,5698.0,1075.0,84.48
2025-01-05,Suratâ†’Vadodara,0.8463,0.7824,0.9141,5,6,Add 1 Bus,1,6785.0,5698.0,1087.0,84.63
2025-01-06,Suratâ†’Vadodara,0.639,0.573,0.7004,5,5,Keep As-Is,0,0.0,0.0,0.0,63.9
2025-01-07,Suratâ†’Vadodara,0.5628,0.5035,0.6311,5,5,Keep As-Is,0,0.0,0.0,0.0,56.28
2025-01-08,Suratâ†’Vadodara,0.597,0.5311,0.6586,5,5,Keep As-Is,0,0.0,0.0,0.0,59.7
2025-01-09,Suratâ†’Vadodara,0.6424,0.5759,0.7088,5,5,Keep As-Is,0,0.0,0.0,0.0,64.24
2025-01-10,Suratâ†’Vadodara,0.7185,0.6518,0.7804,5,5,Keep As-Is,0,0.0,0.0,0.0,71.85
2025-01-11,Suratâ†’Vadodara,0.8235,0.7608,0.8876,5,6,Add 1 Bus,1,6602.0,5698.0,904.0,82.35
2025-01-12,Suratâ†’Vadodara,0.8209,0.7559,0.8875,5,6,Add 1 Bus,1,6581.0,5698.0,883.0,82.09
2025-01-13,Suratâ†’Vadodara,0.6064,0.5426,0.6785,5,5,Keep As-Is,0,0.0,0.0,0.0,60.64
2025-01-14,Suratâ†’Vadodara,0.5695,0.5066,0.6336,5,5,Keep As-Is,0,0.0,0.0,0.0,56.95
2025-01-15,Suratâ†’Vadodara,0.8751,0.8115,0.9418,5,6,Add 1 Bus,1,7016.0,5698.0,1318.0,87.51
2025-01-16,Suratâ†’Vadodara,0.5882,0.5232,0.6505,5,5,Keep As-Is,0,0.0,0.0,0.0,58.82
2025-01-17,Suratâ†’Vadodara,0.7306,0.6713,0.7915,5,5,Keep As-Is,0,0.0,0.0,0.0,73.06
2025-01-18,Suratâ†’Vadodara,0.8999,0.8377,0.9649,5,6,Add 1 Bus,1,7215.0,5698.0,1517.0,89.99
2025-01-19,Suratâ†’Vadodara,0.8172,0.75,0.8793,5,6,Add 1 Bus,1,6552.0,5698.0,854.0,81.72
2025-01-20,Suratâ†’Vadodara,0.5938,0.5301,0.6639,5,5,Keep As-Is,0,0.0,0.0,0.0,59.38
2025-01-21,Suratâ†’Vadodara,0.5891,0.52,0.6573,5,5,Keep As-Is,0,0.0,0.0,0.0,58.91
2025-01-22,Suratâ†’Vadodara,0.5696,0.5087,0.6345,5,5,Keep As-Is,0,0.0,0.0,0.0,56.96
2025-01-23,Suratâ†’Vadodara,0.6323,0.5651,0.6995,5,5,Keep As-Is,0,0.0,0.0,0.0,63.23
2025-01-24,Suratâ†’Vadodara,0.692,0.6264,0.7602,5,5,Keep As-Is,0,0.0,0.0,0.0,69.2
2025-01-25,Suratâ†’Vadodara,0.8182,0.7543,0.8845,5,6,Add 1 Bus,1,6560.0,5698.0,862.0,81.82
2025-01-26,Suratâ†’Vadodara,0.8681,0.7983,0.9355,5,6,Add 1 Bus,1,6960.0,5698.0,1262.0,86.81
2025-01-27,Suratâ†’Vadodara,0.5712,0.5031,0.6369,5,5,Keep As-Is,0,0.0,0.0,0.0,57.12
2025-01-28,Suratâ†’Vadodara,0.5649,0.5007,0.6258,5,5,Keep As-Is,0,0.0,0.0,0.0,56.49
2025-01-29,Suratâ†’Vadodara,0.5872,0.5199,0.6557,5,5,Keep As-Is,0,0.0,0.0,0.0,58.72
2025-01-30,Suratâ†’Vadodara,0.6131,0.5498,0.6755,5,5,Keep As-Is,0,0.0,0.0,0.0,61.31
2025-01-31,Suratâ†’Vadodara,0.6982,0.635,0.7605,5,5,Keep As-Is,0,0.0,0.0,0.0,69.82
2025-02-01,Suratâ†’Vadodara,0.8461,0.7777,0.9083,5,6,Add 1 Bus,1,6783.0,5698.0,1085.0,84.61
2025-02-02,Suratâ†’Vadodara,0.8334,0.7648,0.8931,5,6,Add 1 Bus,1,6682.0,5698.0,984.0,83.34
2025-02-03,Suratâ†’Vadodara,0.5537,0.4868,0.6138,5,5,Keep As-Is,0,0.0,0.0,0.0,55.37
2025-02-04,Suratâ†’Vadodara,0.5395,0.4756,0.6047,5,5,Keep As-Is,0,0.0,0.0,0.0,53.95
2025-02-05,Suratâ†’Vadodara,0.576,0.5089,0.6392,5,5,Keep As-Is,0,0.0,0.0,0.0,57.6
2025-02-06,Suratâ†’Vadodara,0.6058,0.5412,0.6686,5,5,Keep As-Is,0,0.0,0.0,0.0,60.58
2025-02-07,Suratâ†’Vadodara,0.6852,0.6153,0.7552,5,5,Keep As-Is,0,0.0,0.0,0.0,68.52
2025-02-08,Suratâ†’Vadodara,0.8329,0.7684,0.9017,5,6,Add 1 Bus,1,6678.0,5698.0,980.0,83.29
2025-02-09,Suratâ†’Vadodara,0.82,0.755,0.8841,5,6,Add 1 Bus,1,6574.0,5698.0,876.0,82.0
2025-02-10,Suratâ†’Vadodara,0.5405,0.4703,0.6086,5,5,Keep As-Is,0,0.0,0.0,0.0,54.05
2025-02-11,Suratâ†’Vadodara,0.5268,0.4571,0.5894,5,5,Keep As-Is,0,0.0,0.0,0.0,52.68
2025-02-12,Suratâ†’Vadodara,0.5639,0.4982,0.6291,5,5,Keep As-Is,0,0.0,0.0,0.0,56.39
2025-02-13,Suratâ†’Vadodara,0.5946,0.5269,0.6594,5,5,Keep As-Is,0,0.0,0.0,0.0,59.46
2025-02-14,Suratâ†’Vadodara,0.6752,0.6091,0.7435,5,5,Keep As-Is,0,0.0,0.0,0.0,67.52
2025-02-15,Suratâ†’Vadodara,0.8242,0.7572,0.8873,5,6,Add 1 Bus,1,6608.0,5698.0,910.0,82.42
2025-02-16,Suratâ†’Vadodara,0.813,0.7435,0.8787,5,6,Add 1 Bus,1,6518.0,5698.0,820.0,81.3
2025-02-17,Suratâ†’Vadodara,0.5352,0.466,0.598,5,5,Keep As-Is,0,0.0,0.0,0.0,53.52
2025-02-18,Suratâ†’Vadodara,0.5233,0.4575,0.584,5,5,Keep As-Is,0,0.0,0.0,0.0,52.33
2025-02-19,Suratâ†’Vadodara,0.5624,0.4942,0.6227,5,5,Keep As-Is,0,0.0,0.0,0.0,56.24
2025-02-20,Suratâ†’Vadodara,0.5952,0.5346,0.659,5,5,Keep As-Is,0,0.0,0.0,0.0,59.52
2025-02-21,Suratâ†’Vadodara,0.6778,0.6122,0.7458,5,5,Keep As-Is,0,0.0,0.0,0.0,67.78
2025-02-22,Suratâ†’Vadodara,0.8289,0.7679,0.8944,5,6,Add 1 Bus,1,6646.0,5698.0,948.0,82.89
2025-02-23,Suratâ†’Vadodara,0.8196,0.7509,0.8815,5,6,Add 1 Bus,1,6571.0,5698.0,873.0,81.96
2025-02-24,Suratâ†’Vadodara,0.5438,0.4758,0.6097,5,5,Keep As-Is,0,0.0,0.0,0.0,54.38
2025-02-25,Suratâ†’Vadodara,0.5337,0.4691,0.5947,5,5,Keep As-Is,0,0.0,0.0,0.0,53.37
2025-02-26,Suratâ†’Vadodara,0.5743,0.5109,0.6429,5,5,Keep As-Is,0,0.0,0.0,0.0,57.43
2025-02-27,Suratâ†’Vadodara,0.6084,0.5425,0.6721,5,5,Keep As-Is,0,0.0,0.0,0.0,60.84
2025-02-28,Suratâ†’Vadodara,0.6922,0.6282,0.759,5,5,Keep As-Is,0,0.0,0.0,0.0,69.22
2025-03-01,Suratâ†’Vadodara,0.8441,0.7786,0.908,5,6,Add 1 Bus,1,6767.0,5698.0,1069.0,84.41
2025-03-02,Suratâ†’Vadodara,0.8354,0.7688,0.8987,5,6,Add 1 Bus,1,6698.0,5698.0,1000.0,83.54
2025-03-03,Suratâ†’Vadodara,0.5598,0.4934,0.6218,5,5,Keep As-Is,0,0.0,0.0,0.0,55.98
2025-03-04,Suratâ†’Vadodara,0.5497,0.4835,0.6144,5,5,Keep As-Is,0,0.0,0.0,0.0,54.97
2025-03-05,Suratâ†’Vadodara,0.5901,0.5259,0.6519,5,5,Keep As-Is,0,0.0,0.0,0.0,59.01
2025-03-06,Suratâ†’Vadodara,0.6236,0.5588,0.6907,5,5,Keep As-Is,0,0.0,0.0,0.0,62.36
2025-03-07,Suratâ†’Vadodara,0.7066,0.6497,0.7713,5,5,Keep As-Is,0,0.0,0.0,0.0,70.66
2025-03-08,Suratâ†’Vadodara,0.8575,0.7887,0.9242,5,6,Add 1 Bus,1,6875.0,5698.0,1177.0,85.75
2025-03-09,Suratâ†’Vadodara,0.8475,0.7856,0.9114,5,6,Add 1 Bus,1,6795.0,5698.0,1097.0,84.75
2025-03-10,Suratâ†’Vadodara,0.5705,0.5017,0.6382,5,5,Keep As-Is,0,0.0,0.0,0.0,57.05
2025-03-11,Suratâ†’Vadodara,0.5588,0.4979,0.6198,5,5,Keep As-Is,0,0.0,0.0,0.0,55.88
2025-03-12,Suratâ†’Vadodara,0.5975,0.5307,0.6623,5,5,Keep As-Is,0,0.0,0.0,0.0,59.75
2025-03-13,Suratâ†’Vadodara,0.6292,0.5644,0.6962,5,5,Keep As-Is,0,0.0,0.0,0.0,62.92
2025-03-14,Suratâ†’Vadodara,0.7103,0.6418,0.7723,5,5,Keep As-Is,0,0.0,0.0,0.0,71.03
2025-03-15,Suratâ†’Vadodara,0.8594,0.795,0.9278,5,6,Add 1 Bus,1,6890.0,5698.0,1192.0,85.94
2025-03-16,Suratâ†’Vadodara,0.8477,0.7877,0.9104,5,6,Add 1 Bus,1,6796.0,5698.0,1098.0,84.77
2025-03-17,Suratâ†’Vadodara,0.569,0.5055,0.6323,5,5,Keep As-Is,0,0.0,0.0,0.0,56.9
2025-03-18,Suratâ†’Vadodara,0.5557,0.4886,0.6224,5,5,Keep As-Is,0,0.0,0.0,0.0,55.57
2025-03-19,Suratâ†’Vadodara,0.5929,0.5292,0.655,5,5,Keep As-Is,0,0.0,0.0,0.0,59.29
2025-03-20,Suratâ†’Vadodara,0.6233,0.5579,0.6902,5,5,Keep As-Is,0,0.0,0.0,0.0,62.33
2025-03-21,Suratâ†’Vadodara,0.7033,0.6351,0.7728,5,5,Keep As-Is,0,0.0,0.0,0.0,70.33
2025-03-22,Suratâ†’Vadodara,0.8513,0.7871,0.9165,5,6,Add 1 Bus,1,6825.0,5698.0,1127.0,85.13
2025-03-23,Suratâ†’Vadodara,0.8388,0.7711,0.9077,5,6,Add 1 Bus,1,6725.0,5698.0,1027.0,83.88
2025-03-24,Suratâ†’Vadodara,0.5595,0.4918,0.6289,5,5,Keep As-Is,0,0.0,0.0,0.0,55.95
2025-03-25,Suratâ†’Vadodara,0.5458,0.4797,0.6112,5,5,Keep As-Is,0,0.0,0.0,0.0,54.58
2025-03-26,Suratâ†’Vadodara,0.5827,0.5117,0.648,5,5,Keep As-Is,0,0.0,0.0,0.0,58.27
2025-03-27,Suratâ†’Vadodara,0.613,0.546,0.6756,5,5,Keep As-Is,0,0.0,0.0,0.0,61.3
2025-03-28,Suratâ†’Vadodara,0.693,0.627,0.7566,5,5,Keep As-Is,0,0.0,0.0,0.0,69.3
2025-03-29,Suratâ†’Vadodara,0.8412,0.7757,0.9079,5,6,Add 1 Bus,1,6744.0,5698.0,1046.0,84.12
2025-03-30,Suratâ†’Vadodara,0.829,0.759,0.8944,5,6,Add 1 Bus,1,6646.0,5698.0,948.0,82.9
2025-03-31,Suratâ†’Vadodara,0.5501,0.485,0.6122,5,5,Keep As-Is,0,0.0,0.0,0.0,55.01
